{"textures":{"0":"modelengine:entity/spirifireprojectile_1"},"elements":[{"from":[0.0,8.0,7.5],"to":[16.0,8.0,23.5],"faces":{"up":{"uv":[0.0,0.0,16.0,16.0],"tintindex":-2,"rotation":0,"texture":"#0"},"down":{"uv":[0.0,16.0,16.0,0.0],"tintindex":-2,"rotation":0,"texture":"#0"}}},{"from":[8.0,0.0,7.5],"to":[8.0,16.0,23.5],"faces":{"east":{"uv":[0.0,16.0,16.0,0.0],"tintindex":-2,"rotation":270,"texture":"#0"},"west":{"uv":[0.0,0.0,16.0,16.0],"tintindex":-2,"rotation":270,"texture":"#0"}}}],"display":{"gui":{"rotation":[30,225,0]}}}