{"textures":{"0":"modelengine:entity/lostassets_mob2_lakefairy"},"elements":[{"from":[5.0,4.0,7.0],"to":[11.0,12.0,10.0],"faces":{"east":{"uv":[4.125,4.875,4.5,5.875],"tintindex":-2,"rotation":0,"texture":"#0"},"south":{"uv":[1.125,8.0,1.875,9.0],"tintindex":-2,"rotation":0,"texture":"#0"},"north":{"uv":[1.125,7.0,1.875,8.0],"tintindex":-2,"rotation":0,"texture":"#0"},"west":{"uv":[1.875,8.0,2.25,9.0],"tintindex":-2,"rotation":0,"texture":"#0"},"up":{"uv":[4.875,8.5,4.125,8.125],"tintindex":-2,"rotation":0,"texture":"#0"},"down":{"uv":[8.0,8.25,7.25,8.625],"tintindex":-2,"rotation":0,"texture":"#0"}}}],"display":{"gui":{"rotation":[30,225,0]}}}