{"textures":{"0":"modelengine:entity/lostassets_mob2_lakefairy"},"elements":[{"from":[4.0,8.0,4.0],"to":[12.0,16.0,12.0],"faces":{"east":{"uv":[7.375,6.25,8.375,7.25],"tintindex":-2,"rotation":0,"texture":"#0"},"south":{"uv":[7.375,7.25,8.375,8.25],"tintindex":-2,"rotation":0,"texture":"#0"},"north":{"uv":[7.375,5.25,8.375,6.25],"tintindex":-2,"rotation":0,"texture":"#0"},"west":{"uv":[7.5,0.0,8.5,1.0],"tintindex":-2,"rotation":0,"texture":"#0"},"up":{"uv":[8.5,2.0,7.5,1.0],"tintindex":-2,"rotation":0,"texture":"#0"},"down":{"uv":[8.5,2.0,7.5,3.0],"tintindex":-2,"rotation":0,"texture":"#0"}}},{"from":[12.0,12.0,-1.0],"to":[12.025,23.0,7.0],"faces":{"east":{"uv":[5.25,6.375,6.25,7.75],"tintindex":-2,"rotation":0,"texture":"#0"},"west":{"uv":[6.25,6.375,5.25,7.75],"tintindex":-2,"rotation":0,"texture":"#0"}},"rotation":{"origin":[12.0,13.0,1.0],"angle":-22.5,"axis":"y"}},{"from":[10.82843,7.0,8.82843],"to":[18.82843,15.0,8.85343],"faces":{"south":{"uv":[6.25,7.75,5.25,8.75],"tintindex":-2,"rotation":0,"texture":"#0"},"north":{"uv":[5.25,7.75,6.25,8.75],"tintindex":-2,"rotation":0,"texture":"#0"}},"rotation":{"origin":[14.82843,11.0,8.82843],"angle":-45.0,"axis":"y"}},{"from":[3.5,2.5,3.5],"to":[12.5,16.5,12.5],"faces":{"east":{"uv":[3.0,4.875,4.125,6.625],"tintindex":-2,"rotation":0,"texture":"#0"},"south":{"uv":[6.375,0.0,7.5,1.75],"tintindex":-2,"rotation":0,"texture":"#0"},"north":{"uv":[1.875,4.875,3.0,6.625],"tintindex":-2,"rotation":0,"texture":"#0"},"west":{"uv":[6.375,1.75,7.5,3.5],"tintindex":-2,"rotation":0,"texture":"#0"},"up":{"uv":[7.375,7.75,6.25,6.625],"tintindex":-2,"rotation":0,"texture":"#0"},"down":{"uv":[1.125,7.0,0.0,8.125],"tintindex":-2,"rotation":0,"texture":"#0"}}},{"from":[-2.8284302,7.0,8.82843],"to":[5.17157,15.0,8.85343],"faces":{"south":{"uv":[5.25,7.75,6.25,8.75],"tintindex":-2,"rotation":0,"texture":"#0"},"north":{"uv":[6.25,7.75,5.25,8.75],"tintindex":-2,"rotation":0,"texture":"#0"}},"rotation":{"origin":[1.1715698,11.0,8.82843],"angle":45.0,"axis":"y"}},{"from":[3.975,12.0,-1.0],"to":[4.0,23.0,7.0],"faces":{"east":{"uv":[5.25,6.375,6.25,7.75],"tintindex":-2,"rotation":0,"texture":"#0"},"west":{"uv":[6.25,6.375,5.25,7.75],"tintindex":-2,"rotation":0,"texture":"#0"}},"rotation":{"origin":[4.0,13.0,1.0],"angle":22.5,"axis":"y"}}],"display":{"gui":{"rotation":[30,225,0]}}}