{"textures":{"0":"modelengine:entity/lostassets_mob2_lakefairy"},"elements":[{"from":[1.0,-7.3858204,0.5740299],"to":[1.0250001,9.61418,15.57403],"faces":{"east":{"uv":[4.5,4.25,6.375,6.375],"tintindex":-2,"rotation":0,"texture":"#0"},"west":{"uv":[6.375,4.25,4.5,6.375],"tintindex":-2,"rotation":0,"texture":"#0"}},"rotation":{"origin":[1.0,1.1141796,8.07403],"angle":-22.5,"axis":"z"}},{"from":[3.5,-6.0,5.0],"to":[12.5,8.0,5.025],"faces":{"south":{"uv":[7.5,3.5,6.375,5.25],"tintindex":-2,"rotation":0,"texture":"#0"},"north":{"uv":[6.375,3.5,7.5,5.25],"tintindex":-2,"rotation":0,"texture":"#0"}}},{"from":[0.5,-7.5,14.475],"to":[15.5,9.5,14.5],"faces":{"south":{"uv":[4.5,2.125,6.375,4.25],"tintindex":-2,"rotation":0,"texture":"#0"},"north":{"uv":[6.375,2.125,4.5,4.25],"tintindex":-2,"rotation":0,"texture":"#0"}},"rotation":{"origin":[8.0,2.5,14.5],"angle":-22.5,"axis":"x"}},{"from":[14.975,-7.3858204,0.5740299],"to":[15.0,9.61418,15.57403],"faces":{"east":{"uv":[4.5,4.25,6.375,6.375],"tintindex":-2,"rotation":0,"texture":"#0"},"west":{"uv":[6.375,4.25,4.5,6.375],"tintindex":-2,"rotation":0,"texture":"#0"}},"rotation":{"origin":[15.0,1.1141796,8.07403],"angle":22.5,"axis":"z"}}],"display":{"gui":{"rotation":[30,225,0]}}}