{"textures":{"0":"modelengine:entity/lostassets_mob2_lakefairy"},"elements":[{"from":[7.5,1.0,6.5],"to":[10.5,9.0,9.5],"faces":{"east":{"uv":[0.0,8.125,0.375,9.125],"tintindex":-2,"rotation":0,"texture":"#0"},"south":{"uv":[2.25,8.0,2.625,9.0],"tintindex":-2,"rotation":0,"texture":"#0"},"north":{"uv":[3.75,8.0,4.125,9.0],"tintindex":-2,"rotation":0,"texture":"#0"},"west":{"uv":[0.75,8.125,1.125,9.125],"tintindex":-2,"rotation":0,"texture":"#0"},"up":{"uv":[8.0,9.0,7.625,8.625],"tintindex":-2,"rotation":0,"texture":"#0"},"down":{"uv":[9.125,4.875,8.75,5.25],"tintindex":-2,"rotation":0,"texture":"#0"}},"rotation":{"origin":[9.0,8.0,8.0],"angle":22.5,"axis":"x"}}],"display":{"gui":{"rotation":[30,225,0]}}}