{"textures":{"0":"modelengine:entity/lostassets_mob2_lakefairy"},"elements":[{"from":[6.73236,-9.0,3.24264],"to":[6.75736,10.0,21.24264],"faces":{"east":{"uv":[0.0,2.5,2.25,4.875],"tintindex":-2,"rotation":0,"texture":"#0"},"west":{"uv":[2.25,2.5,0.0,4.875],"tintindex":-2,"rotation":0,"texture":"#0"}},"rotation":{"origin":[6.75736,1.5,12.24264],"angle":-22.5,"axis":"y"}},{"from":[-7.0,1.0,8.0],"to":[11.0,21.0,8.025],"faces":{"south":{"uv":[0.0,0.0,2.25,2.5],"tintindex":-2,"rotation":0,"texture":"#0"},"north":{"uv":[2.25,0.0,0.0,2.5],"tintindex":-2,"rotation":0,"texture":"#0"}},"rotation":{"origin":[8.0,3.0,8.0],"angle":45.0,"axis":"y"}}],"display":{"gui":{"rotation":[30,225,0]}}}