{"textures":{"0":"modelengine:entity/lostassets_mob2_lakefairy"},"elements":[{"from":[9.0,-9.5,3.0],"to":[9.025,9.5,21.0],"faces":{"east":{"uv":[0.0,2.5,2.25,4.875],"tintindex":-2,"rotation":0,"texture":"#0"},"west":{"uv":[2.25,2.5,0.0,4.875],"tintindex":-2,"rotation":0,"texture":"#0"}},"rotation":{"origin":[9.0,1.0,12.0],"angle":22.5,"axis":"y"}},{"from":[4.75736,0.5,7.75736],"to":[22.75736,20.5,7.78236],"faces":{"south":{"uv":[2.25,0.0,0.0,2.5],"tintindex":-2,"rotation":0,"texture":"#0"},"north":{"uv":[0.0,0.0,2.25,2.5],"tintindex":-2,"rotation":0,"texture":"#0"}},"rotation":{"origin":[7.75736,2.5,7.75736],"angle":-45.0,"axis":"y"}}],"display":{"gui":{"rotation":[30,225,0]}}}