{"textures":{"0":"modelengine:entity/lostassets_mob2_lakefairy"},"elements":[{"from":[5.5,1.0,6.5],"to":[8.5,9.0,9.5],"faces":{"east":{"uv":[2.625,8.0,3.0,9.0],"tintindex":-2,"rotation":0,"texture":"#0"},"south":{"uv":[2.625,8.0,2.25,9.0],"tintindex":-2,"rotation":0,"texture":"#0"},"north":{"uv":[2.25,8.0,2.625,9.0],"tintindex":-2,"rotation":0,"texture":"#0"},"west":{"uv":[3.375,8.0,3.75,9.0],"tintindex":-2,"rotation":0,"texture":"#0"},"up":{"uv":[8.875,4.125,8.5,3.75],"tintindex":-2,"rotation":0,"texture":"#0"},"down":{"uv":[4.5,8.5,4.125,8.875],"tintindex":-2,"rotation":0,"texture":"#0"}},"rotation":{"origin":[7.0,8.0,8.0],"angle":22.5,"axis":"x"}}],"display":{"gui":{"rotation":[30,225,0]}}}