{"textures":{"0":"modelengine:entity/lostassets_mob2_lakefairy"},"elements":[{"from":[6.5,3.9999995,4.5],"to":[9.5,8.0,7.5],"faces":{"east":{"uv":[8.875,0.5,8.5,1.0],"tintindex":-2,"rotation":0,"texture":"#0"},"south":{"uv":[8.875,0.0,8.5,0.5],"tintindex":-2,"rotation":0,"texture":"#0"},"north":{"uv":[8.75,7.5,8.375,8.0],"tintindex":-2,"rotation":0,"texture":"#0"},"west":{"uv":[8.75,8.0,8.375,8.5],"tintindex":-2,"rotation":0,"texture":"#0"},"up":{"uv":[8.5,4.875,8.875,4.5],"tintindex":-2,"rotation":0,"texture":"#0"},"down":{"uv":[8.375,8.5,8.75,8.875],"tintindex":-2,"rotation":0,"texture":"#0"}},"rotation":{"origin":[8.0,3.9999995,6.0],"angle":22.5,"axis":"x"}},{"from":[6.525,1.1480494,4.5],"to":[9.475,5.1480494,7.5],"faces":{"east":{"uv":[8.875,2.5,8.5,3.0],"tintindex":-2,"rotation":0,"texture":"#0"},"south":{"uv":[8.875,2.0,8.5,2.5],"tintindex":-2,"rotation":0,"texture":"#0"},"north":{"uv":[8.875,1.0,8.5,1.5],"tintindex":-2,"rotation":0,"texture":"#0"},"west":{"uv":[8.875,1.5,8.5,2.0],"tintindex":-2,"rotation":0,"texture":"#0"},"up":{"uv":[4.875,9.0,5.25,8.625],"tintindex":-2,"rotation":0,"texture":"#0"},"down":{"uv":[7.25,8.625,7.625,9.0],"tintindex":-2,"rotation":0,"texture":"#0"}},"rotation":{"origin":[8.0,5.1480494,6.0],"angle":-22.5,"axis":"x"}}],"display":{"gui":{"rotation":[30,225,0]}}}