{"textures":{"1":"modelengine:entity/em_nothingness"},"elements":[{"from":[-8.0,-8.0,8.0],"to":[24.0,24.0,8.0],"faces":{"east":{"uv":[0.001,-0.03175,7.999,-0.047875],"tintindex":-2,"rotation":270,"texture":"#1"},"south":{"uv":[0.4995,15.5005,5.0E-4,15.9995],"tintindex":-2,"rotation":270,"texture":"#1"},"north":{"uv":[5.0E-4,15.5005,0.4995,15.9995],"tintindex":-2,"rotation":270,"texture":"#1"},"west":{"uv":[0.001,-0.03175,7.999,-0.047875],"tintindex":-2,"rotation":270,"texture":"#1"},"up":{"uv":[-0.03175,0.001,-0.047875,7.999],"tintindex":-2,"rotation":270,"texture":"#1"},"down":{"uv":[-0.03175,0.001,-0.047875,7.999],"tintindex":-2,"rotation":270,"texture":"#1"}}}],"display":{"gui":{"rotation":[30,225,0]}}}