{"textures":{"2":"modelengine:entity/ant_brown"},"elements":[{"from":[4.0,7.5,9.0],"to":[12.0,13.5,18.0],"faces":{"east":{"uv":[0.0,5.75,1.125,6.5],"tintindex":-2,"rotation":0,"texture":"#2"},"south":{"uv":[3.25,5.75,4.25,6.5],"tintindex":-2,"rotation":0,"texture":"#2"},"north":{"uv":[1.125,5.75,2.125,6.5],"tintindex":-2,"rotation":0,"texture":"#2"},"west":{"uv":[2.125,5.75,3.25,6.5],"tintindex":-2,"rotation":0,"texture":"#2"},"up":{"uv":[2.125,5.75,1.125,4.625],"tintindex":-2,"rotation":0,"texture":"#2"},"down":{"uv":[3.125,4.625,2.125,5.75],"tintindex":-2,"rotation":0,"texture":"#2"}}},{"from":[7.0,7.5,8.0],"to":[9.0,9.5,10.0],"faces":{"east":{"uv":[7.25,6.875,7.5,7.125],"tintindex":-2,"rotation":0,"texture":"#2"},"south":{"uv":[8.0,6.875,8.25,7.125],"tintindex":-2,"rotation":0,"texture":"#2"},"north":{"uv":[7.5,6.875,7.75,7.125],"tintindex":-2,"rotation":0,"texture":"#2"},"west":{"uv":[7.75,6.875,8.0,7.125],"tintindex":-2,"rotation":0,"texture":"#2"},"up":{"uv":[7.75,6.875,7.5,6.625],"tintindex":-2,"rotation":0,"texture":"#2"},"down":{"uv":[8.0,6.625,7.75,6.875],"tintindex":-2,"rotation":0,"texture":"#2"}},"rotation":{"origin":[8.0,7.5,9.0],"angle":-22.5,"axis":"x"}}],"display":{"gui":{"rotation":[30,225,0]}}}