{"textures":{"2":"modelengine:entity/ant_brown"},"elements":[{"from":[5.0,6.0,13.5],"to":[11.0,11.0,19.5],"faces":{"east":{"uv":[4.25,6.875,5.0,7.5],"tintindex":-2,"rotation":0,"texture":"#2"},"south":{"uv":[6.5,6.875,7.25,7.5],"tintindex":-2,"rotation":0,"texture":"#2"},"north":{"uv":[5.0,6.875,5.75,7.5],"tintindex":-2,"rotation":0,"texture":"#2"},"west":{"uv":[5.75,6.875,6.5,7.5],"tintindex":-2,"rotation":0,"texture":"#2"},"up":{"uv":[5.75,6.875,5.0,6.125],"tintindex":-2,"rotation":0,"texture":"#2"},"down":{"uv":[6.5,6.125,5.75,6.875],"tintindex":-2,"rotation":0,"texture":"#2"}}},{"from":[7.0,6.5,12.5],"to":[9.0,8.5,13.5],"faces":{"east":{"uv":[0.5,7.5,0.625,7.75],"tintindex":-2,"rotation":0,"texture":"#2"},"south":{"uv":[1.0,7.5,1.25,7.75],"tintindex":-2,"rotation":0,"texture":"#2"},"north":{"uv":[0.625,7.5,0.875,7.75],"tintindex":-2,"rotation":0,"texture":"#2"},"west":{"uv":[0.875,7.5,1.0,7.75],"tintindex":-2,"rotation":0,"texture":"#2"},"up":{"uv":[0.875,7.5,0.625,7.375],"tintindex":-2,"rotation":0,"texture":"#2"},"down":{"uv":[1.125,7.375,0.875,7.5],"tintindex":-2,"rotation":0,"texture":"#2"}}}],"display":{"gui":{"rotation":[30,225,0]}}}