{"textures":{"2":"modelengine:entity/ant_brown"},"elements":[{"from":[4.0,6.0,0.833333],"to":[12.0,11.0,7.833333],"faces":{"east":{"uv":[4.25,5.5,5.125,6.125],"tintindex":-2,"rotation":0,"texture":"#2"},"south":{"uv":[7.0,5.5,8.0,6.125],"tintindex":-2,"rotation":0,"texture":"#2"},"north":{"uv":[5.125,5.5,6.125,6.125],"tintindex":-2,"rotation":0,"texture":"#2"},"west":{"uv":[6.125,5.5,7.0,6.125],"tintindex":-2,"rotation":0,"texture":"#2"},"up":{"uv":[6.125,5.5,5.125,4.625],"tintindex":-2,"rotation":0,"texture":"#2"},"down":{"uv":[7.125,4.625,6.125,5.5],"tintindex":-2,"rotation":0,"texture":"#2"}}},{"from":[11.5,7.0,1.833333],"to":[12.5,10.0,5.833333],"faces":{"east":{"uv":[3.875,7.0,3.375,7.375],"tintindex":-2,"rotation":0,"texture":"#2"},"south":{"uv":[4.0,7.0,3.875,7.375],"tintindex":-2,"rotation":0,"texture":"#2"},"north":{"uv":[3.375,7.0,3.25,7.375],"tintindex":-2,"rotation":0,"texture":"#2"},"west":{"uv":[3.25,7.0,2.75,7.375],"tintindex":-2,"rotation":0,"texture":"#2"},"up":{"uv":[3.25,7.0,3.375,6.5],"tintindex":-2,"rotation":0,"texture":"#2"},"down":{"uv":[3.375,6.5,3.5,7.0],"tintindex":-2,"rotation":0,"texture":"#2"}}},{"from":[3.5,7.0,1.833333],"to":[4.5,10.0,5.833333],"faces":{"east":{"uv":[2.75,7.0,3.25,7.375],"tintindex":-2,"rotation":0,"texture":"#2"},"south":{"uv":[3.875,7.0,4.0,7.375],"tintindex":-2,"rotation":0,"texture":"#2"},"north":{"uv":[3.25,7.0,3.375,7.375],"tintindex":-2,"rotation":0,"texture":"#2"},"west":{"uv":[3.375,7.0,3.875,7.375],"tintindex":-2,"rotation":0,"texture":"#2"},"up":{"uv":[3.375,7.0,3.25,6.5],"tintindex":-2,"rotation":0,"texture":"#2"},"down":{"uv":[3.5,6.5,3.375,7.0],"tintindex":-2,"rotation":0,"texture":"#2"}}}],"display":{"gui":{"rotation":[30,225,0]}}}