{"textures":{"2":"modelengine:entity/ant_brown"},"elements":[{"from":[7.8258567,8.118962,7.6617126],"to":[8.325857,10.118962,8.161713],"faces":{"east":{"uv":[7.25,7.25,7.375,7.75],"tintindex":-2,"rotation":0,"texture":"#2"},"south":{"uv":[7.625,7.25,7.75,7.75],"tintindex":-2,"rotation":0,"texture":"#2"},"north":{"uv":[7.375,7.25,7.5,7.75],"tintindex":-2,"rotation":0,"texture":"#2"},"west":{"uv":[7.5,7.25,7.625,7.75],"tintindex":-2,"rotation":0,"texture":"#2"},"up":{"uv":[7.5,7.25,7.375,7.125],"tintindex":-2,"rotation":0,"texture":"#2"},"down":{"uv":[7.625,7.125,7.5,7.25],"tintindex":-2,"rotation":0,"texture":"#2"}}},{"from":[7.830857,19.873962,2.9418387],"to":[8.320856,21.863962,3.4318385],"faces":{"east":{"uv":[0.0,7.5,0.125,8.0],"tintindex":-2,"rotation":0,"texture":"#2"},"south":{"uv":[0.375,7.5,0.5,8.0],"tintindex":-2,"rotation":0,"texture":"#2"},"north":{"uv":[0.125,7.5,0.25,8.0],"tintindex":-2,"rotation":0,"texture":"#2"},"west":{"uv":[0.25,7.5,0.375,8.0],"tintindex":-2,"rotation":0,"texture":"#2"},"up":{"uv":[0.25,7.5,0.125,7.375],"tintindex":-2,"rotation":0,"texture":"#2"},"down":{"uv":[0.375,7.375,0.25,7.5],"tintindex":-2,"rotation":0,"texture":"#2"}},"rotation":{"origin":[10.165249,17.3564,10.674275],"angle":-45.0,"axis":"x"}}],"display":{"gui":{"rotation":[30,225,0]}}}