{"textures":{"2":"modelengine:entity/ant_brown"},"elements":[{"from":[-3.5,7.5,7.5],"to":[2.5,8.5,8.5],"faces":{"east":{"uv":[7.25,6.5,7.375,6.625],"tintindex":-2,"rotation":0,"texture":"#2"},"south":{"uv":[8.25,6.5,9.0,6.625],"tintindex":-2,"rotation":0,"texture":"#2"},"north":{"uv":[7.375,6.5,8.125,6.625],"tintindex":-2,"rotation":0,"texture":"#2"},"west":{"uv":[8.125,6.5,8.25,6.625],"tintindex":-2,"rotation":0,"texture":"#2"},"up":{"uv":[8.125,6.5,7.375,6.375],"tintindex":-2,"rotation":0,"texture":"#2"},"down":{"uv":[8.875,6.375,8.125,6.5],"tintindex":-2,"rotation":0,"texture":"#2"}},"rotation":{"origin":[2.5,8.0,8.0],"angle":45.0,"axis":"z"}},{"from":[2.0,7.0,7.5],"to":[8.0,8.0,8.5],"faces":{"east":{"uv":[7.25,6.25,7.375,6.375],"tintindex":-2,"rotation":0,"texture":"#2"},"south":{"uv":[8.25,6.25,9.0,6.375],"tintindex":-2,"rotation":0,"texture":"#2"},"north":{"uv":[7.375,6.25,8.125,6.375],"tintindex":-2,"rotation":0,"texture":"#2"},"west":{"uv":[8.125,6.25,8.25,6.375],"tintindex":-2,"rotation":0,"texture":"#2"},"up":{"uv":[8.125,6.25,7.375,6.125],"tintindex":-2,"rotation":0,"texture":"#2"},"down":{"uv":[8.875,6.125,8.125,6.25],"tintindex":-2,"rotation":0,"texture":"#2"}}}],"display":{"gui":{"rotation":[30,225,0]}}}