{"textures":{"0":"modelengine:entity/gigasbabyred"},"elements":[{"from":[2.8113747,7.880419,11.534193],"to":[3.8113747,8.880419,12.534193],"faces":{"east":{"uv":[3.0,10.5,3.5,11.0],"tintindex":-2,"rotation":0,"texture":"#0"},"south":{"uv":[3.5,10.5,4.0,11.0],"tintindex":-2,"rotation":0,"texture":"#0"},"north":{"uv":[10.5,2.5,11.0,3.0],"tintindex":-2,"rotation":0,"texture":"#0"},"west":{"uv":[4.0,10.5,4.5,11.0],"tintindex":-2,"rotation":0,"texture":"#0"},"up":{"uv":[5.0,11.0,4.5,10.5],"tintindex":-2,"rotation":0,"texture":"#0"},"down":{"uv":[5.5,10.5,5.0,11.0],"tintindex":-2,"rotation":0,"texture":"#0"}},"rotation":{"origin":[8.348883,8.012647,9.914904],"angle":-45.0,"axis":"y"}},{"from":[12.666779,6.130419,10.56458],"to":[15.666779,8.130419,11.56458],"faces":{"east":{"uv":[10.0,0.0,10.5,1.0],"tintindex":-2,"rotation":0,"texture":"#0"},"south":{"uv":[8.0,7.0,9.5,8.0],"tintindex":-2,"rotation":0,"texture":"#0"},"north":{"uv":[8.0,6.0,9.5,7.0],"tintindex":-2,"rotation":0,"texture":"#0"},"west":{"uv":[1.0,10.0,1.5,11.0],"tintindex":-2,"rotation":0,"texture":"#0"},"up":{"uv":[1.5,10.0,0.0,9.5],"tintindex":-2,"rotation":0,"texture":"#0"},"down":{"uv":[3.0,9.5,1.5,10.0],"tintindex":-2,"rotation":0,"texture":"#0"}},"rotation":{"origin":[9.098883,7.7626467,9.914904],"angle":45.0,"axis":"y"}},{"from":[0.81137466,7.630419,11.534193],"to":[2.8113747,9.130419,12.534193],"faces":{"east":{"uv":[10.0,1.0,10.5,2.0],"tintindex":-2,"rotation":0,"texture":"#0"},"south":{"uv":[9.0,1.0,10.0,2.0],"tintindex":-2,"rotation":0,"texture":"#0"},"north":{"uv":[9.0,0.0,10.0,1.0],"tintindex":-2,"rotation":0,"texture":"#0"},"west":{"uv":[1.5,10.0,2.0,11.0],"tintindex":-2,"rotation":0,"texture":"#0"},"up":{"uv":[3.0,10.5,2.0,10.0],"tintindex":-2,"rotation":0,"texture":"#0"},"down":{"uv":[4.0,10.0,3.0,10.5],"tintindex":-2,"rotation":0,"texture":"#0"}},"rotation":{"origin":[8.348883,8.012647,9.914904],"angle":-45.0,"axis":"y"}},{"from":[3.2882633,7.880419,7.5585175],"to":[6.2882633,8.880419,8.558517],"faces":{"east":{"uv":[2.0,10.5,2.5,11.0],"tintindex":-2,"rotation":0,"texture":"#0"},"south":{"uv":[4.5,9.5,6.0,10.0],"tintindex":-2,"rotation":0,"texture":"#0"},"north":{"uv":[3.0,9.5,4.5,10.0],"tintindex":-2,"rotation":0,"texture":"#0"},"west":{"uv":[2.5,10.5,3.0,11.0],"tintindex":-2,"rotation":0,"texture":"#0"},"up":{"uv":[11.0,6.5,9.5,6.0],"tintindex":-2,"rotation":0,"texture":"#0"},"down":{"uv":[11.0,6.5,9.5,7.0],"tintindex":-2,"rotation":0,"texture":"#0"}}},{"from":[9.672208,7.978324,7.5585175],"to":[12.672208,8.978324,8.558517],"faces":{"east":{"uv":[10.5,1.0,11.0,1.5],"tintindex":-2,"rotation":0,"texture":"#0"},"south":{"uv":[4.5,9.0,6.0,9.5],"tintindex":-2,"rotation":0,"texture":"#0"},"north":{"uv":[9.0,2.5,10.5,3.0],"tintindex":-2,"rotation":0,"texture":"#0"},"west":{"uv":[10.5,1.5,11.0,2.0],"tintindex":-2,"rotation":0,"texture":"#0"},"up":{"uv":[9.5,9.5,8.0,9.0],"tintindex":-2,"rotation":0,"texture":"#0"},"down":{"uv":[10.5,8.0,9.0,8.5],"tintindex":-2,"rotation":0,"texture":"#0"}},"rotation":{"origin":[9.098883,7.7626467,9.914904],"angle":-22.5,"axis":"z"}}],"display":{"gui":{"rotation":[30,225,0]}}}