{"textures":{"0":"modelengine:entity/em_phwraith"},"elements":[{"from":[2.0,-0.25,8.0],"to":[14.0,10.75,8.0],"faces":{"south":{"uv":[0.0,1.375,1.5,2.75],"tintindex":-2,"rotation":0,"texture":"#0"},"north":{"uv":[0.0,0.0,1.5,1.375],"tintindex":-2,"rotation":0,"texture":"#0"}}},{"from":[2.0,10.75,5.5],"to":[14.0,18.75,10.5],"faces":{"east":{"uv":[3.75,7.25,4.375,8.25],"tintindex":-2,"rotation":0,"texture":"#0"},"south":{"uv":[1.5,1.0,3.0,2.0],"tintindex":-2,"rotation":0,"texture":"#0"},"north":{"uv":[1.5,0.0,3.0,1.0],"tintindex":-2,"rotation":0,"texture":"#0"},"west":{"uv":[6.375,7.25,7.0,8.25],"tintindex":-2,"rotation":0,"texture":"#0"},"up":{"uv":[7.25,2.625,5.75,2.0],"tintindex":-2,"rotation":0,"texture":"#0"},"down":{"uv":[7.25,2.625,5.75,3.25],"tintindex":-2,"rotation":0,"texture":"#0"}}},{"from":[4.0,7.75,5.5],"to":[12.0,10.75,10.5],"faces":{"east":{"uv":[7.25,4.0,7.875,4.375],"tintindex":-2,"rotation":0,"texture":"#0"},"south":{"uv":[8.375,0.0,9.375,0.375],"tintindex":-2,"rotation":0,"texture":"#0"},"north":{"uv":[5.375,8.25,6.375,8.625],"tintindex":-2,"rotation":0,"texture":"#0"},"west":{"uv":[8.5,6.25,9.125,6.625],"tintindex":-2,"rotation":0,"texture":"#0"},"up":{"uv":[8.375,0.625,7.375,0.0],"tintindex":-2,"rotation":0,"texture":"#0"},"down":{"uv":[8.375,0.625,7.375,1.25],"tintindex":-2,"rotation":0,"texture":"#0"}}}],"display":{"gui":{"rotation":[30,225,0]}}}