{"textures":{"0":"modelengine:entity/em_phwraith"},"elements":[{"from":[5.05,7.05,5.05],"to":[10.95,14.95,10.95],"faces":{"east":{"uv":[7.125,5.5,7.875,6.5],"tintindex":-2,"rotation":0,"texture":"#0"},"south":{"uv":[7.125,6.5,7.875,7.5],"tintindex":-2,"rotation":0,"texture":"#0"},"north":{"uv":[7.125,4.5,7.875,5.5],"tintindex":-2,"rotation":0,"texture":"#0"},"west":{"uv":[7.25,1.25,8.0,2.25],"tintindex":-2,"rotation":0,"texture":"#0"},"up":{"uv":[7.75,8.875,7.0,8.125],"tintindex":-2,"rotation":0,"texture":"#0"},"down":{"uv":[1.25,8.25,0.5,9.0],"tintindex":-2,"rotation":0,"texture":"#0"}}},{"from":[12.0,16.0,12.0],"to":[4.0,8.0,4.0],"faces":{"east":{"uv":[5.0,4.5,6.0,5.5],"tintindex":-2,"rotation":0,"texture":"#0"},"south":{"uv":[5.375,0.0,6.375,1.0],"tintindex":-2,"rotation":0,"texture":"#0"},"north":{"uv":[3.875,5.0,4.875,6.0],"tintindex":-2,"rotation":0,"texture":"#0"},"west":{"uv":[0.0,5.5,1.0,6.5],"tintindex":-2,"rotation":0,"texture":"#0"},"up":{"uv":[5.875,6.5,4.875,5.5],"tintindex":-2,"rotation":0,"texture":"#0"},"down":{"uv":[6.75,1.0,5.75,2.0],"tintindex":-2,"rotation":0,"texture":"#0"}}},{"from":[4.005,2.7388258,3.8358274],"to":[11.995,7.7288256,8.825828],"faces":{"east":{"uv":[6.375,0.0,6.625,0.625],"tintindex":-2,"rotation":0,"texture":"#0"},"south":{"uv":[4.375,7.75,5.375,8.375],"tintindex":-2,"rotation":0,"texture":"#0"},"north":{"uv":[7.0,7.5,8.0,8.125],"tintindex":-2,"rotation":0,"texture":"#0"},"west":{"uv":[7.75,8.125,8.0,8.75],"tintindex":-2,"rotation":0,"texture":"#0"},"up":{"uv":[9.25,3.0,8.25,2.75],"tintindex":-2,"rotation":0,"texture":"#0"},"down":{"uv":[9.375,1.0,8.375,1.25],"tintindex":-2,"rotation":0,"texture":"#0"}},"rotation":{"origin":[8.0,8.071123,3.5941129],"angle":-45.0,"axis":"x"}},{"from":[6.0,10.567753,8.631629],"to":[10.0,16.567753,14.631628],"faces":{"east":{"uv":[8.0,1.25,8.75,2.0],"tintindex":-2,"rotation":0,"texture":"#0"},"south":{"uv":[6.0,4.75,6.5,5.5],"tintindex":-2,"rotation":0,"texture":"#0"},"north":{"uv":[0.875,3.75,1.375,4.5],"tintindex":-2,"rotation":0,"texture":"#0"},"west":{"uv":[8.0,3.0,8.75,3.75],"tintindex":-2,"rotation":0,"texture":"#0"},"up":{"uv":[7.25,2.0,6.75,1.25],"tintindex":-2,"rotation":0,"texture":"#0"},"down":{"uv":[4.125,8.25,3.625,9.0],"tintindex":-2,"rotation":0,"texture":"#0"}},"rotation":{"origin":[8.0,13.567753,13.131628],"angle":45.0,"axis":"x"}},{"from":[4.0,8.0,4.0],"to":[12.0,16.0,12.0],"faces":{"east":{"uv":[4.75,1.5,5.75,2.5],"tintindex":-2,"rotation":0,"texture":"#0"},"south":{"uv":[4.75,2.5,5.75,3.5],"tintindex":-2,"rotation":0,"texture":"#0"},"north":{"uv":[0.875,4.5,1.875,5.5],"tintindex":-2,"rotation":0,"texture":"#0"},"west":{"uv":[1.875,5.0,2.875,6.0],"tintindex":-2,"rotation":0,"texture":"#0"},"up":{"uv":[3.875,6.0,2.875,5.0],"tintindex":-2,"rotation":0,"texture":"#0"},"down":{"uv":[6.0,3.5,5.0,4.5],"tintindex":-2,"rotation":0,"texture":"#0"}}},{"from":[6.05,11.076749,12.106887],"to":[9.95,13.976748,16.006887],"faces":{"east":{"uv":[8.5,7.0,9.0,7.375],"tintindex":-2,"rotation":0,"texture":"#0"},"south":{"uv":[8.5,7.375,9.0,7.75],"tintindex":-2,"rotation":0,"texture":"#0"},"north":{"uv":[8.5,6.625,9.0,7.0],"tintindex":-2,"rotation":0,"texture":"#0"},"west":{"uv":[8.5,7.75,9.0,8.125],"tintindex":-2,"rotation":0,"texture":"#0"},"up":{"uv":[2.875,3.5,2.375,3.0],"tintindex":-2,"rotation":0,"texture":"#0"},"down":{"uv":[2.375,4.5,1.875,5.0],"tintindex":-2,"rotation":0,"texture":"#0"}},"rotation":{"origin":[8.0,11.526749,14.556887],"angle":-22.5,"axis":"x"}},{"from":[5.0,10.763287,5.8372965],"to":[11.0,16.763287,13.8372965],"faces":{"east":{"uv":[1.375,7.25,2.375,8.0],"tintindex":-2,"rotation":0,"texture":"#0"},"south":{"uv":[2.375,8.25,3.125,9.0],"tintindex":-2,"rotation":0,"texture":"#0"},"north":{"uv":[8.25,2.0,9.0,2.75],"tintindex":-2,"rotation":0,"texture":"#0"},"west":{"uv":[7.25,2.25,8.25,3.0],"tintindex":-2,"rotation":0,"texture":"#0"},"up":{"uv":[3.125,8.25,2.375,7.25],"tintindex":-2,"rotation":0,"texture":"#0"},"down":{"uv":[8.0,3.0,7.25,4.0],"tintindex":-2,"rotation":0,"texture":"#0"}},"rotation":{"origin":[8.0,11.763287,6.8372965],"angle":-22.5,"axis":"x"}}],"display":{"gui":{"rotation":[30,225,0]}}}