{"textures":{"0":"modelengine:entity/em_phwraith"},"elements":[{"from":[0.5,-3.5,8.125],"to":[12.5,4.5,8.125],"faces":{"south":{"uv":[0.0,2.75,1.5,3.75],"tintindex":-2,"rotation":0,"texture":"#0"},"north":{"uv":[1.5,2.0,3.0,3.0],"tintindex":-2,"rotation":0,"texture":"#0"}},"rotation":{"origin":[6.5,3.0,14.125],"angle":45.0,"axis":"z"}},{"from":[6.5,-3.0,10.5],"to":[11.5,9.0,10.5],"faces":{"south":{"uv":[5.875,5.5,6.5,7.0],"tintindex":-2,"rotation":0,"texture":"#0"},"north":{"uv":[1.0,5.5,1.625,7.0],"tintindex":-2,"rotation":0,"texture":"#0"}},"rotation":{"origin":[6.5,3.0,10.5],"angle":-22.5,"axis":"y"}},{"from":[4.5,-1.5,5.5],"to":[8.5,8.5,10.5],"faces":{"east":{"uv":[4.5,6.5,5.125,7.75],"tintindex":-2,"rotation":0,"texture":"#0"},"south":{"uv":[0.0,7.75,0.5,9.0],"tintindex":-2,"rotation":0,"texture":"#0"},"north":{"uv":[3.125,7.5,3.625,8.75],"tintindex":-2,"rotation":0,"texture":"#0"},"west":{"uv":[6.5,4.75,7.125,6.0],"tintindex":-2,"rotation":0,"texture":"#0"},"up":{"uv":[6.875,8.875,6.375,8.25],"tintindex":-2,"rotation":0,"texture":"#0"},"down":{"uv":[8.875,0.375,8.375,1.0],"tintindex":-2,"rotation":0,"texture":"#0"}}}],"display":{"gui":{"rotation":[30,225,0]}}}