{"textures":{"0":"modelengine:entity/em_phwraith"},"elements":[{"from":[8.0,-1.5,9.5],"to":[8.0,10.5,16.5],"faces":{"east":{"uv":[1.5,3.0,2.375,4.5],"tintindex":-2,"rotation":0,"texture":"#0"},"west":{"uv":[3.0,2.0,3.875,3.5],"tintindex":-2,"rotation":0,"texture":"#0"}},"rotation":{"origin":[8.0,4.5,10.5],"angle":22.5,"axis":"y"}},{"from":[8.975,-9.390991,6.823223],"to":[9.975,-8.390991,8.823223],"faces":{"east":{"uv":[4.5,1.875,4.75,2.0],"tintindex":-2,"rotation":0,"texture":"#0"},"south":{"uv":[0.875,6.875,1.0,7.0],"tintindex":-2,"rotation":0,"texture":"#0"},"north":{"uv":[0.75,6.875,0.875,7.0],"tintindex":-2,"rotation":0,"texture":"#0"},"west":{"uv":[5.375,1.375,5.625,1.5],"tintindex":-2,"rotation":0,"texture":"#0"},"up":{"uv":[8.0,7.5,7.875,7.25],"tintindex":-2,"rotation":0,"texture":"#0"},"down":{"uv":[8.125,3.75,8.0,4.0],"tintindex":-2,"rotation":0,"texture":"#0"}},"rotation":{"origin":[9.5,-9.09099,7.323223],"angle":22.5,"axis":"x"}},{"from":[5.995,-2.005,5.495],"to":[10.005,8.005,10.505],"faces":{"east":{"uv":[5.125,6.5,5.75,7.75],"tintindex":-2,"rotation":0,"texture":"#0"},"south":{"uv":[7.875,5.25,8.375,6.5],"tintindex":-2,"rotation":0,"texture":"#0"},"north":{"uv":[7.875,4.0,8.375,5.25],"tintindex":-2,"rotation":0,"texture":"#0"},"west":{"uv":[6.5,6.0,7.125,7.25],"tintindex":-2,"rotation":0,"texture":"#0"},"up":{"uv":[8.875,4.375,8.375,3.75],"tintindex":-2,"rotation":0,"texture":"#0"},"down":{"uv":[4.625,8.375,4.125,9.0],"tintindex":-2,"rotation":0,"texture":"#0"}}},{"from":[7.0,-5.0,7.0],"to":[9.0,-2.0,9.0],"faces":{"east":{"uv":[5.375,1.0,5.625,1.375],"tintindex":-2,"rotation":0,"texture":"#0"},"south":{"uv":[1.625,5.5,1.875,5.875],"tintindex":-2,"rotation":0,"texture":"#0"},"north":{"uv":[4.5,1.5,4.75,1.875],"tintindex":-2,"rotation":0,"texture":"#0"},"west":{"uv":[4.5,6.0,4.75,6.375],"tintindex":-2,"rotation":0,"texture":"#0"},"up":{"uv":[0.25,5.5,0.0,5.25],"tintindex":-2,"rotation":0,"texture":"#0"},"down":{"uv":[0.5,5.25,0.25,5.5],"tintindex":-2,"rotation":0,"texture":"#0"}}},{"from":[6.0,-2.0,10.5],"to":[6.0,8.0,16.5],"faces":{"east":{"uv":[1.625,6.0,2.375,7.25],"tintindex":-2,"rotation":0,"texture":"#0"},"west":{"uv":[2.375,6.0,3.125,7.25],"tintindex":-2,"rotation":0,"texture":"#0"}},"rotation":{"origin":[6.0,3.0,10.5],"angle":22.5,"axis":"y"}},{"from":[6.9,-6.6,6.9],"to":[9.1,-3.4,9.1],"faces":{"east":{"uv":[0.75,6.5,1.0,6.875],"tintindex":-2,"rotation":0,"texture":"#0"},"south":{"uv":[0.5,7.75,0.75,8.125],"tintindex":-2,"rotation":0,"texture":"#0"},"north":{"uv":[6.375,0.625,6.625,1.0],"tintindex":-2,"rotation":0,"texture":"#0"},"west":{"uv":[5.375,7.75,5.625,8.125],"tintindex":-2,"rotation":0,"texture":"#0"},"up":{"uv":[0.75,5.5,0.5,5.25],"tintindex":-2,"rotation":0,"texture":"#0"},"down":{"uv":[6.0,3.25,5.75,3.5],"tintindex":-2,"rotation":0,"texture":"#0"}},"rotation":{"origin":[8.0,-5.0,8.0],"angle":-22.5,"axis":"z"}},{"from":[8.0,-1.5,9.5],"to":[8.0,10.5,16.5],"faces":{"east":{"uv":[2.375,3.5,3.25,5.0],"tintindex":-2,"rotation":0,"texture":"#0"},"west":{"uv":[3.25,3.5,4.125,5.0],"tintindex":-2,"rotation":0,"texture":"#0"}},"rotation":{"origin":[8.0,4.5,10.5],"angle":22.5,"axis":"y"}},{"from":[6.5,-9.5,5.75],"to":[7.5,-7.5,6.75],"faces":{"east":{"uv":[6.625,0.75,6.75,1.0],"tintindex":-2,"rotation":0,"texture":"#0"},"south":{"uv":[6.375,7.0,6.5,7.25],"tintindex":-2,"rotation":0,"texture":"#0"},"north":{"uv":[0.75,5.25,0.875,5.5],"tintindex":-2,"rotation":0,"texture":"#0"},"west":{"uv":[7.0,7.25,7.125,7.5],"tintindex":-2,"rotation":0,"texture":"#0"},"up":{"uv":[5.75,1.5,5.625,1.375],"tintindex":-2,"rotation":0,"texture":"#0"},"down":{"uv":[4.875,6.375,4.75,6.5],"tintindex":-2,"rotation":0,"texture":"#0"}},"rotation":{"origin":[7.0,-7.5,7.5],"angle":-45.0,"axis":"x"}},{"from":[6.45,-9.05,6.95],"to":[7.55,-5.95,8.05],"faces":{"east":{"uv":[4.75,6.0,4.875,6.375],"tintindex":-2,"rotation":0,"texture":"#0"},"south":{"uv":[5.75,6.5,5.875,6.875],"tintindex":-2,"rotation":0,"texture":"#0"},"north":{"uv":[5.625,1.0,5.75,1.375],"tintindex":-2,"rotation":0,"texture":"#0"},"west":{"uv":[6.625,0.0,6.75,0.375],"tintindex":-2,"rotation":0,"texture":"#0"},"up":{"uv":[5.875,7.0,5.75,6.875],"tintindex":-2,"rotation":0,"texture":"#0"},"down":{"uv":[7.375,4.375,7.25,4.5],"tintindex":-2,"rotation":0,"texture":"#0"}},"rotation":{"origin":[7.0,-6.25,7.5],"angle":22.5,"axis":"x"}},{"from":[8.45,-9.05,6.95],"to":[9.55,-5.95,8.05],"faces":{"east":{"uv":[1.375,3.75,1.5,4.125],"tintindex":-2,"rotation":0,"texture":"#0"},"south":{"uv":[1.375,4.125,1.5,4.5],"tintindex":-2,"rotation":0,"texture":"#0"},"north":{"uv":[2.875,3.0,3.0,3.375],"tintindex":-2,"rotation":0,"texture":"#0"},"west":{"uv":[4.875,5.0,5.0,5.375],"tintindex":-2,"rotation":0,"texture":"#0"},"up":{"uv":[3.0,3.5,2.875,3.375],"tintindex":-2,"rotation":0,"texture":"#0"},"down":{"uv":[5.0,5.375,4.875,5.5],"tintindex":-2,"rotation":0,"texture":"#0"}},"rotation":{"origin":[8.5,-7.5,7.5],"angle":22.5,"axis":"z"}}],"display":{"gui":{"rotation":[30,225,0]}}}