{"textures":{"0":"modelengine:entity/em_phwraith"},"elements":[{"from":[8.0,-1.5,9.5],"to":[8.0,10.5,16.5],"faces":{"east":{"uv":[4.125,3.5,5.0,5.0],"tintindex":-2,"rotation":0,"texture":"#0"},"west":{"uv":[4.5,0.0,5.375,1.5],"tintindex":-2,"rotation":0,"texture":"#0"}},"rotation":{"origin":[8.0,4.5,10.5],"angle":-22.5,"axis":"y"}},{"from":[8.5,-9.5,5.75],"to":[9.5,-7.5,6.75],"faces":{"east":{"uv":[8.25,3.75,8.375,4.0],"tintindex":-2,"rotation":0,"texture":"#0"},"south":{"uv":[6.875,8.25,7.0,8.5],"tintindex":-2,"rotation":0,"texture":"#0"},"north":{"uv":[8.125,3.75,8.25,4.0],"tintindex":-2,"rotation":0,"texture":"#0"},"west":{"uv":[8.375,6.25,8.5,6.5],"tintindex":-2,"rotation":0,"texture":"#0"},"up":{"uv":[4.5,7.75,4.375,7.625],"tintindex":-2,"rotation":0,"texture":"#0"},"down":{"uv":[7.75,4.375,7.625,4.5],"tintindex":-2,"rotation":0,"texture":"#0"}},"rotation":{"origin":[9.0,-7.5,7.5],"angle":-45.0,"axis":"x"}},{"from":[6.025,-9.390991,6.823223],"to":[7.025,-8.390991,8.823223],"faces":{"east":{"uv":[1.625,5.875,1.875,6.0],"tintindex":-2,"rotation":0,"texture":"#0"},"south":{"uv":[0.5,8.125,0.625,8.25],"tintindex":-2,"rotation":0,"texture":"#0"},"north":{"uv":[7.75,4.375,7.875,4.5],"tintindex":-2,"rotation":0,"texture":"#0"},"west":{"uv":[4.5,6.375,4.75,6.5],"tintindex":-2,"rotation":0,"texture":"#0"},"up":{"uv":[7.0,8.75,6.875,8.5],"tintindex":-2,"rotation":0,"texture":"#0"},"down":{"uv":[1.375,8.625,1.25,8.875],"tintindex":-2,"rotation":0,"texture":"#0"}},"rotation":{"origin":[6.5,-9.09099,7.323223],"angle":22.5,"axis":"x"}},{"from":[8.0,-1.5,9.5],"to":[8.0,10.5,16.5],"faces":{"east":{"uv":[0.0,3.75,0.875,5.25],"tintindex":-2,"rotation":0,"texture":"#0"},"west":{"uv":[3.875,2.0,4.75,3.5],"tintindex":-2,"rotation":0,"texture":"#0"}},"rotation":{"origin":[8.0,4.5,10.5],"angle":-22.5,"axis":"y"}},{"from":[8.45,-9.05,6.95],"to":[9.55,-5.95,8.05],"faces":{"east":{"uv":[7.875,6.5,8.0,6.875],"tintindex":-2,"rotation":0,"texture":"#0"},"south":{"uv":[7.875,6.875,8.0,7.25],"tintindex":-2,"rotation":0,"texture":"#0"},"north":{"uv":[3.625,7.875,3.75,8.25],"tintindex":-2,"rotation":0,"texture":"#0"},"west":{"uv":[1.25,8.25,1.375,8.625],"tintindex":-2,"rotation":0,"texture":"#0"},"up":{"uv":[0.75,8.25,0.625,8.125],"tintindex":-2,"rotation":0,"texture":"#0"},"down":{"uv":[5.5,8.125,5.375,8.25],"tintindex":-2,"rotation":0,"texture":"#0"}},"rotation":{"origin":[9.0,-6.25,7.5],"angle":22.5,"axis":"x"}},{"from":[6.45,-9.05,6.95],"to":[7.55,-5.95,8.05],"faces":{"east":{"uv":[4.375,7.25,4.5,7.625],"tintindex":-2,"rotation":0,"texture":"#0"},"south":{"uv":[3.625,7.5,3.75,7.875],"tintindex":-2,"rotation":0,"texture":"#0"},"north":{"uv":[6.625,0.375,6.75,0.75],"tintindex":-2,"rotation":0,"texture":"#0"},"west":{"uv":[5.625,7.75,5.75,8.125],"tintindex":-2,"rotation":0,"texture":"#0"},"up":{"uv":[7.5,4.5,7.375,4.375],"tintindex":-2,"rotation":0,"texture":"#0"},"down":{"uv":[7.625,4.375,7.5,4.5],"tintindex":-2,"rotation":0,"texture":"#0"}},"rotation":{"origin":[7.5,-7.5,7.5],"angle":-22.5,"axis":"z"}},{"from":[10.0,-2.0,10.5],"to":[10.0,8.0,16.5],"faces":{"east":{"uv":[3.75,6.0,4.5,7.25],"tintindex":-2,"rotation":0,"texture":"#0"},"west":{"uv":[0.0,6.5,0.75,7.75],"tintindex":-2,"rotation":0,"texture":"#0"}},"rotation":{"origin":[10.0,3.0,10.5],"angle":-22.5,"axis":"y"}},{"from":[5.995,-2.005,5.495],"to":[10.005,8.005,10.505],"faces":{"east":{"uv":[0.75,7.0,1.375,8.25],"tintindex":-2,"rotation":0,"texture":"#0"},"south":{"uv":[8.0,7.75,8.5,9.0],"tintindex":-2,"rotation":0,"texture":"#0"},"north":{"uv":[8.0,6.5,8.5,7.75],"tintindex":-2,"rotation":0,"texture":"#0"},"west":{"uv":[5.75,7.0,6.375,8.25],"tintindex":-2,"rotation":0,"texture":"#0"},"up":{"uv":[8.875,5.625,8.375,5.0],"tintindex":-2,"rotation":0,"texture":"#0"},"down":{"uv":[8.875,5.625,8.375,6.25],"tintindex":-2,"rotation":0,"texture":"#0"}}},{"from":[7.0,-5.0,7.0],"to":[9.0,-2.0,9.0],"faces":{"east":{"uv":[8.5,8.125,8.75,8.5],"tintindex":-2,"rotation":0,"texture":"#0"},"south":{"uv":[8.5,8.5,8.75,8.875],"tintindex":-2,"rotation":0,"texture":"#0"},"north":{"uv":[5.125,8.375,5.375,8.75],"tintindex":-2,"rotation":0,"texture":"#0"},"west":{"uv":[5.375,8.625,5.625,9.0],"tintindex":-2,"rotation":0,"texture":"#0"},"up":{"uv":[6.875,4.75,6.625,4.5],"tintindex":-2,"rotation":0,"texture":"#0"},"down":{"uv":[7.125,4.5,6.875,4.75],"tintindex":-2,"rotation":0,"texture":"#0"}}},{"from":[6.9,-6.6,6.9],"to":[9.1,-3.4,9.1],"faces":{"east":{"uv":[5.875,8.625,6.125,9.0],"tintindex":-2,"rotation":0,"texture":"#0"},"south":{"uv":[6.125,8.625,6.375,9.0],"tintindex":-2,"rotation":0,"texture":"#0"},"north":{"uv":[5.625,8.625,5.875,9.0],"tintindex":-2,"rotation":0,"texture":"#0"},"west":{"uv":[8.75,1.25,9.0,1.625],"tintindex":-2,"rotation":0,"texture":"#0"},"up":{"uv":[1.625,7.25,1.375,7.0],"tintindex":-2,"rotation":0,"texture":"#0"},"down":{"uv":[8.25,2.0,8.0,2.25],"tintindex":-2,"rotation":0,"texture":"#0"}},"rotation":{"origin":[8.0,-5.0,8.0],"angle":22.5,"axis":"z"}}],"display":{"gui":{"rotation":[30,225,0]}}}