{"textures":{"0":"modelengine:entity/em_phwraith"},"elements":[{"from":[7.5,-1.5,5.5],"to":[11.5,8.5,10.5],"faces":{"east":{"uv":[6.625,3.25,7.25,4.5],"tintindex":-2,"rotation":0,"texture":"#0"},"south":{"uv":[1.875,8.0,2.375,9.25],"tintindex":-2,"rotation":0,"texture":"#0"},"north":{"uv":[1.375,8.0,1.875,9.25],"tintindex":-2,"rotation":0,"texture":"#0"},"west":{"uv":[6.75,0.0,7.375,1.25],"tintindex":-2,"rotation":0,"texture":"#0"},"up":{"uv":[8.875,5.0,8.375,4.375],"tintindex":-2,"rotation":0,"texture":"#0"},"down":{"uv":[5.125,8.375,4.625,9.0],"tintindex":-2,"rotation":0,"texture":"#0"}}},{"from":[3.5,-3.5,8.125],"to":[15.5,4.5,8.125],"faces":{"south":{"uv":[3.0,1.0,4.5,2.0],"tintindex":-2,"rotation":0,"texture":"#0"},"north":{"uv":[3.0,0.0,4.5,1.0],"tintindex":-2,"rotation":0,"texture":"#0"}},"rotation":{"origin":[9.5,3.0,14.125],"angle":-45.0,"axis":"z"}},{"from":[4.5,-3.0,10.5],"to":[9.5,9.0,10.5],"faces":{"south":{"uv":[6.0,3.25,6.625,4.75],"tintindex":-2,"rotation":0,"texture":"#0"},"north":{"uv":[3.125,6.0,3.75,7.5],"tintindex":-2,"rotation":0,"texture":"#0"}},"rotation":{"origin":[9.5,3.0,10.5],"angle":22.5,"axis":"y"}}],"display":{"gui":{"rotation":[30,225,0]}}}