{"textures":{"0":"modelengine:entity/lostassets_mob2_mushroomfairy"},"elements":[{"from":[5.0,4.5,6.5],"to":[11.0,12.5,9.5],"faces":{"east":{"uv":[6.5,10.75,7.25,12.75],"tintindex":-2,"rotation":0,"texture":"#0"},"south":{"uv":[10.5,10.0,12.0,12.0],"tintindex":-2,"rotation":0,"texture":"#0"},"north":{"uv":[10.5,8.0,12.0,10.0],"tintindex":-2,"rotation":0,"texture":"#0"},"west":{"uv":[7.25,10.75,8.0,12.75],"tintindex":-2,"rotation":0,"texture":"#0"},"up":{"uv":[12.5,6.75,11.0,6.0],"tintindex":-2,"rotation":0,"texture":"#0"},"down":{"uv":[12.5,6.75,11.0,7.5],"tintindex":-2,"rotation":0,"texture":"#0"}}}],"display":{"gui":{"rotation":[30,225,0]}}}