{"textures":{"0":"modelengine:entity/lostassets_mob2_mushroomfairy"},"elements":[{"from":[4.0,8.0,4.0],"to":[12.0,16.0,12.0],"faces":{"east":{"uv":[0.0,9.0,2.0,11.0],"tintindex":-2,"rotation":0,"texture":"#0"},"south":{"uv":[2.0,9.0,4.0,11.0],"tintindex":-2,"rotation":0,"texture":"#0"},"north":{"uv":[8.5,8.0,10.5,10.0],"tintindex":-2,"rotation":0,"texture":"#0"},"west":{"uv":[2.0,9.0,4.0,11.0],"tintindex":-2,"rotation":0,"texture":"#0"},"up":{"uv":[11.0,4.0,9.0,2.0],"tintindex":-2,"rotation":0,"texture":"#0"},"down":{"uv":[11.0,4.0,9.0,6.0],"tintindex":-2,"rotation":0,"texture":"#0"}}},{"from":[15.0,16.0,-6.0],"to":[15.025,27.0,2.0],"faces":{"east":{"uv":[8.5,8.0,6.5,10.75],"tintindex":-2,"rotation":0,"texture":"#0"},"west":{"uv":[6.5,8.0,8.5,10.75],"tintindex":-2,"rotation":0,"texture":"#0"}},"rotation":{"origin":[15.0,17.0,-4.0],"angle":-22.5,"axis":"y"}},{"from":[10.82843,9.0,8.82843],"to":[18.82843,17.0,8.85343],"faces":{"south":{"uv":[11.0,6.0,9.0,8.0],"tintindex":-2,"rotation":0,"texture":"#0"},"north":{"uv":[9.0,6.0,11.0,8.0],"tintindex":-2,"rotation":0,"texture":"#0"}},"rotation":{"origin":[14.82843,13.0,8.82843],"angle":-45.0,"axis":"y"}},{"from":[-2.8284302,9.0,8.82843],"to":[5.17157,17.0,8.85343],"faces":{"south":{"uv":[9.0,6.0,11.0,8.0],"tintindex":-2,"rotation":0,"texture":"#0"},"north":{"uv":[11.0,6.0,9.0,8.0],"tintindex":-2,"rotation":0,"texture":"#0"}},"rotation":{"origin":[1.1715698,13.0,8.82843],"angle":45.0,"axis":"y"}},{"from":[-1.0,12.0,-1.0],"to":[17.0,20.0,17.0],"faces":{"east":{"uv":[4.5,0.0,9.0,2.0],"tintindex":-2,"rotation":0,"texture":"#0"},"south":{"uv":[4.5,0.0,9.0,2.0],"tintindex":-2,"rotation":0,"texture":"#0"},"north":{"uv":[4.5,0.0,9.0,2.0],"tintindex":-2,"rotation":0,"texture":"#0"},"west":{"uv":[4.5,0.0,9.0,2.0],"tintindex":-2,"rotation":0,"texture":"#0"},"up":{"uv":[4.5,4.5,0.0,0.0],"tintindex":-2,"rotation":0,"texture":"#0"},"down":{"uv":[4.5,4.5,0.0,9.0],"tintindex":-2,"rotation":0,"texture":"#0"}}},{"from":[0.9749999,16.0,-6.0],"to":[1.0,27.0,2.0],"faces":{"east":{"uv":[8.5,8.0,6.5,10.75],"tintindex":-2,"rotation":0,"texture":"#0"},"west":{"uv":[6.5,8.0,8.5,10.75],"tintindex":-2,"rotation":0,"texture":"#0"}},"rotation":{"origin":[1.0,17.0,-4.0],"angle":22.5,"axis":"y"}}],"display":{"gui":{"rotation":[30,225,0]}}}