{"textures":{"0":"modelengine:entity/lostassets_mob2_mushroomfairy"},"elements":[{"from":[8.0,0.5,6.5],"to":[11.0,8.5,9.5],"faces":{"east":{"uv":[2.25,11.0,3.0,13.0],"tintindex":-2,"rotation":0,"texture":"#0"},"south":{"uv":[11.75,2.0,11.0,4.0],"tintindex":-2,"rotation":0,"texture":"#0"},"north":{"uv":[11.0,2.0,11.75,4.0],"tintindex":-2,"rotation":0,"texture":"#0"},"west":{"uv":[11.0,4.0,11.75,6.0],"tintindex":-2,"rotation":0,"texture":"#0"},"up":{"uv":[12.5,3.75,11.75,3.0],"tintindex":-2,"rotation":0,"texture":"#0"},"down":{"uv":[12.5,3.75,11.75,4.5],"tintindex":-2,"rotation":0,"texture":"#0"}}},{"from":[7.0,5.5,5.5],"to":[12.0,7.5,10.5],"faces":{"east":{"uv":[11.75,0.0,13.0,0.5],"tintindex":-2,"rotation":0,"texture":"#0"},"south":{"uv":[11.75,0.5,13.0,1.0],"tintindex":-2,"rotation":0,"texture":"#0"},"north":{"uv":[11.0,7.5,12.25,8.0],"tintindex":-2,"rotation":0,"texture":"#0"},"west":{"uv":[11.75,1.0,13.0,1.5],"tintindex":-2,"rotation":0,"texture":"#0"},"up":{"uv":[5.25,12.0,4.0,10.75],"tintindex":-2,"rotation":0,"texture":"#0"},"down":{"uv":[6.5,10.75,5.25,12.0],"tintindex":-2,"rotation":0,"texture":"#0"}}}],"display":{"gui":{"rotation":[30,225,0]}}}