{"textures":{"0":"modelengine:entity/lostassets_mob2_mushroomfairy"},"elements":[{"from":[7.0,0.5,7.5],"to":[10.0,8.5,10.5],"faces":{"east":{"uv":[11.0,0.0,11.75,2.0],"tintindex":-2,"rotation":0,"texture":"#0"},"south":{"uv":[0.75,11.0,0.0,13.0],"tintindex":-2,"rotation":0,"texture":"#0"},"north":{"uv":[0.0,11.0,0.75,13.0],"tintindex":-2,"rotation":0,"texture":"#0"},"west":{"uv":[1.5,11.0,2.25,13.0],"tintindex":-2,"rotation":0,"texture":"#0"},"up":{"uv":[12.5,2.25,11.75,1.5],"tintindex":-2,"rotation":0,"texture":"#0"},"down":{"uv":[12.5,2.25,11.75,3.0],"tintindex":-2,"rotation":0,"texture":"#0"}}}],"display":{"gui":{"rotation":[30,225,0]}}}