{"textures":{"0":"modelengine:entity/lostassets_mob2_mushroomfairy"},"elements":[{"from":[6.0,0.5,6.5],"to":[9.0,8.5,9.5],"faces":{"east":{"uv":[2.25,11.0,1.5,13.0],"tintindex":-2,"rotation":0,"texture":"#0"},"south":{"uv":[0.0,11.0,0.75,13.0],"tintindex":-2,"rotation":0,"texture":"#0"},"north":{"uv":[0.75,11.0,0.0,13.0],"tintindex":-2,"rotation":0,"texture":"#0"},"west":{"uv":[11.75,0.0,11.0,2.0],"tintindex":-2,"rotation":0,"texture":"#0"},"up":{"uv":[11.75,2.25,12.5,1.5],"tintindex":-2,"rotation":0,"texture":"#0"},"down":{"uv":[11.75,2.25,12.5,3.0],"tintindex":-2,"rotation":0,"texture":"#0"}}}],"display":{"gui":{"rotation":[30,225,0]}}}