{"textures":{"0":"modelengine:entity/lostassets_mob2_leaffairy"},"elements":[{"from":[5.7352133,1.1121678,3.8000002],"to":[5.752713,9.512167,12.2],"faces":{"east":{"uv":[5.625,4.5,7.125,6.0],"tintindex":-2,"rotation":0,"texture":"#0"},"west":{"uv":[5.625,4.5,7.125,6.0],"tintindex":-2,"rotation":0,"texture":"#0"}},"rotation":{"origin":[8.0,6.246654,8.0],"angle":-22.5,"axis":"z"}},{"from":[3.8000002,1.1121678,10.247287],"to":[12.2,9.512167,10.264787],"faces":{"south":{"uv":[5.625,4.5,7.125,6.0],"tintindex":-2,"rotation":0,"texture":"#0"},"north":{"uv":[5.625,4.5,7.125,6.0],"tintindex":-2,"rotation":0,"texture":"#0"}},"rotation":{"origin":[8.0,6.246654,8.0],"angle":-22.5,"axis":"x"}},{"from":[5.9,6.25,6.95],"to":[10.1,11.85,9.05],"faces":{"east":{"uv":[6.5,9.125,6.875,10.125],"tintindex":-2,"rotation":0,"texture":"#0"},"south":{"uv":[4.75,9.125,5.5,10.125],"tintindex":-2,"rotation":0,"texture":"#0"},"north":{"uv":[3.0,9.0,3.75,10.0],"tintindex":-2,"rotation":0,"texture":"#0"},"west":{"uv":[9.375,0.0,9.75,1.0],"tintindex":-2,"rotation":0,"texture":"#0"},"up":{"uv":[10.5,10.0,9.75,9.625],"tintindex":-2,"rotation":0,"texture":"#0"},"down":{"uv":[4.5,9.875,3.75,10.25],"tintindex":-2,"rotation":0,"texture":"#0"}}},{"from":[3.8000002,1.1121678,5.7352133],"to":[12.2,9.512167,5.752713],"faces":{"south":{"uv":[5.625,4.5,7.125,6.0],"tintindex":-2,"rotation":0,"texture":"#0"},"north":{"uv":[5.625,4.5,7.125,6.0],"tintindex":-2,"rotation":0,"texture":"#0"}},"rotation":{"origin":[8.0,6.246654,8.0],"angle":22.5,"axis":"x"}},{"from":[10.247287,1.1121678,3.8000002],"to":[10.264787,9.512167,12.2],"faces":{"east":{"uv":[5.625,4.5,7.125,6.0],"tintindex":-2,"rotation":0,"texture":"#0"},"west":{"uv":[5.625,4.5,7.125,6.0],"tintindex":-2,"rotation":0,"texture":"#0"}},"rotation":{"origin":[8.0,6.246654,8.0],"angle":22.5,"axis":"z"}}],"display":{"gui":{"rotation":[30,225,0]}}}