{"textures":{"0":"modelengine:entity/lostassets_mob2_leaffairy"},"elements":[{"from":[0.42009878,7.3,8.229901],"to":[6.020099,12.9,8.247401],"faces":{"south":{"uv":[2.0,9.0,3.0,10.0],"tintindex":-2,"rotation":0,"texture":"#0"},"north":{"uv":[1.0,9.0,2.0,10.0],"tintindex":-2,"rotation":0,"texture":"#0"}},"rotation":{"origin":[3.220099,10.1,8.229901],"angle":45.0,"axis":"y"}},{"from":[4.85,-1.8000002,5.55],"to":[11.15,8.0,5.5675],"faces":{"south":{"uv":[2.625,7.25,1.5,9.0],"tintindex":-2,"rotation":0,"texture":"#0"},"north":{"uv":[1.5,7.25,2.625,9.0],"tintindex":-2,"rotation":0,"texture":"#0"}}},{"from":[4.85,4.85,4.5],"to":[11.15,13.950001,10.8],"faces":{"east":{"uv":[4.875,7.5,6.0,9.125],"tintindex":-2,"rotation":0,"texture":"#0"},"south":{"uv":[6.0,7.5,7.125,9.125],"tintindex":-2,"rotation":0,"texture":"#0"},"north":{"uv":[3.75,7.25,4.875,8.875],"tintindex":-2,"rotation":0,"texture":"#0"},"west":{"uv":[8.125,1.5,9.25,3.125],"tintindex":-2,"rotation":0,"texture":"#0"},"up":{"uv":[9.375,1.125,8.25,0.0],"tintindex":-2,"rotation":0,"texture":"#0"},"down":{"uv":[8.25,8.25,7.125,9.375],"tintindex":-2,"rotation":0,"texture":"#0"}}},{"from":[5.2,8.0,4.85],"to":[10.8,13.6,10.45],"faces":{"east":{"uv":[8.625,3.125,9.625,4.125],"tintindex":-2,"rotation":0,"texture":"#0"},"south":{"uv":[8.625,4.125,9.625,5.125],"tintindex":-2,"rotation":0,"texture":"#0"},"north":{"uv":[8.25,8.25,9.25,9.25],"tintindex":-2,"rotation":0,"texture":"#0"},"west":{"uv":[8.625,5.125,9.625,6.125],"tintindex":-2,"rotation":0,"texture":"#0"},"up":{"uv":[9.625,7.125,8.625,6.125],"tintindex":-2,"rotation":0,"texture":"#0"},"down":{"uv":[9.625,7.125,8.625,8.125],"tintindex":-2,"rotation":0,"texture":"#0"}}},{"from":[9.979901,7.3,8.229901],"to":[15.579901,12.9,8.247401],"faces":{"south":{"uv":[3.75,8.875,4.75,9.875],"tintindex":-2,"rotation":0,"texture":"#0"},"north":{"uv":[0.0,8.75,1.0,9.75],"tintindex":-2,"rotation":0,"texture":"#0"}},"rotation":{"origin":[12.7799015,10.1,8.229901],"angle":-45.0,"axis":"y"}}],"display":{"gui":{"rotation":[30,225,0]}}}