{"textures":{"0":"modelengine:entity/lostassets_mob2_leaffairy"},"elements":[{"from":[7.6499996,3.1,6.95],"to":[9.75,8.7,9.05],"faces":{"east":{"uv":[9.625,5.0,10.0,6.0],"tintindex":-2,"rotation":0,"texture":"#0"},"south":{"uv":[9.625,6.0,10.0,7.0],"tintindex":-2,"rotation":0,"texture":"#0"},"north":{"uv":[9.625,4.0,10.0,5.0],"tintindex":-2,"rotation":0,"texture":"#0"},"west":{"uv":[9.625,7.0,10.0,8.0],"tintindex":-2,"rotation":0,"texture":"#0"},"up":{"uv":[7.0,4.5,6.625,4.125],"tintindex":-2,"rotation":0,"texture":"#0"},"down":{"uv":[8.125,1.5,7.75,1.875],"tintindex":-2,"rotation":0,"texture":"#0"}},"rotation":{"origin":[8.7,8.0,8.0],"angle":45.0,"axis":"x"}}],"display":{"gui":{"rotation":[30,225,0]}}}