{"textures":{"0":"modelengine:entity/lostassets_mob2_leaffairy"},"elements":[{"from":[7.475,4.5,7.475],"to":[8.525,19.2,8.525],"faces":{"east":{"uv":[5.75,9.125,6.0,11.75],"tintindex":-2,"rotation":0,"texture":"#0"},"south":{"uv":[6.0,9.125,6.25,11.75],"tintindex":-2,"rotation":0,"texture":"#0"},"north":{"uv":[5.5,9.125,5.75,11.75],"tintindex":-2,"rotation":0,"texture":"#0"},"west":{"uv":[6.25,9.125,6.5,11.75],"tintindex":-2,"rotation":0,"texture":"#0"},"up":{"uv":[5.625,4.75,5.375,4.5],"tintindex":-2,"rotation":0,"texture":"#0"},"down":{"uv":[5.625,4.75,5.375,5.0],"tintindex":-2,"rotation":0,"texture":"#0"}}}],"display":{"gui":{"rotation":[30,225,0]}}}