{"textures":{"0":"modelengine:entity/lostassets_mob2_leaffairy"},"elements":[{"from":[1.0174999,7.6500015,1.0],"to":[14.9825,9.75,15.0],"faces":{"east":{"uv":[9.25,1.5,11.75,1.875],"tintindex":-2,"rotation":0,"texture":"#0"},"south":{"uv":[9.25,1.875,11.75,2.25],"tintindex":-2,"rotation":0,"texture":"#0"},"north":{"uv":[8.25,1.125,10.75,1.5],"tintindex":-2,"rotation":0,"texture":"#0"},"west":{"uv":[9.25,2.25,11.75,2.625],"tintindex":-2,"rotation":0,"texture":"#0"},"up":{"uv":[2.5,5.0,0.0,2.5],"tintindex":-2,"rotation":0,"texture":"#0"},"down":{"uv":[2.5,2.5,0.0,5.0],"tintindex":-2,"rotation":0,"texture":"#0"}}}],"display":{"gui":{"rotation":[30,225,0]}}}