{"textures":{"0":"modelengine:entity/lostassets_mob2_leaffairy"},"elements":[{"from":[13.227013,9.875504,1.6999998],"to":[19.527012,9.875504,14.299999],"faces":{"up":{"uv":[4.5,7.25,3.375,5.0],"tintindex":-2,"rotation":0,"texture":"#0"},"down":{"uv":[5.625,5.0,4.5,7.25],"tintindex":-2,"rotation":0,"texture":"#0"}},"rotation":{"origin":[8.0,8.0,8.0],"angle":-22.5,"axis":"z"}},{"from":[-4.9270124,6.124504,1.6999998],"to":[4.172988,6.124504,14.299999],"faces":{"up":{"uv":[3.375,7.25,1.75,5.0],"tintindex":-2,"rotation":0,"texture":"#0"},"down":{"uv":[6.625,2.25,5.0,4.5],"tintindex":-2,"rotation":0,"texture":"#0"}},"rotation":{"origin":[8.0,8.0,8.0],"angle":-22.5,"axis":"z"}},{"from":[3.746849,7.7317457,1.6999998],"to":[13.546848,7.7317457,14.299999],"faces":{"up":{"uv":[1.75,7.25,0.0,5.0],"tintindex":-2,"rotation":0,"texture":"#0"},"down":{"uv":[6.75,0.0,5.0,2.25],"tintindex":-2,"rotation":0,"texture":"#0"}}}],"display":{"gui":{"rotation":[30,225,0]}}}