{"textures":{"0":"modelengine:entity/lostassets_mob2_leaffairy"},"elements":[{"from":[6.25,3.1,6.95],"to":[8.35,8.7,9.05],"faces":{"east":{"uv":[7.25,9.375,7.625,10.375],"tintindex":-2,"rotation":0,"texture":"#0"},"south":{"uv":[7.625,9.375,8.0,10.375],"tintindex":-2,"rotation":0,"texture":"#0"},"north":{"uv":[6.875,9.375,7.25,10.375],"tintindex":-2,"rotation":0,"texture":"#0"},"west":{"uv":[9.625,3.0,10.0,4.0],"tintindex":-2,"rotation":0,"texture":"#0"},"up":{"uv":[5.375,4.875,5.0,4.5],"tintindex":-2,"rotation":0,"texture":"#0"},"down":{"uv":[7.0,3.75,6.625,4.125],"tintindex":-2,"rotation":0,"texture":"#0"}},"rotation":{"origin":[7.3,8.0,8.0],"angle":22.5,"axis":"x"}}],"display":{"gui":{"rotation":[30,225,0]}}}