{"textures":{"0":"modelengine:entity/lostassets_mob2_leaffairy"},"elements":[{"from":[6.95,6.9500003,3.1],"to":[9.05,9.05,8.7],"faces":{"east":{"uv":[6.75,1.5,7.75,1.875],"tintindex":-2,"rotation":0,"texture":"#0"},"south":{"uv":[8.125,3.125,8.5,3.5],"tintindex":-2,"rotation":0,"texture":"#0"},"north":{"uv":[7.75,1.875,8.125,2.25],"tintindex":-2,"rotation":0,"texture":"#0"},"west":{"uv":[6.75,1.875,7.75,2.25],"tintindex":-2,"rotation":0,"texture":"#0"},"up":{"uv":[8.375,10.625,8.0,9.625],"tintindex":-2,"rotation":0,"texture":"#0"},"down":{"uv":[8.75,9.625,8.375,10.625],"tintindex":-2,"rotation":0,"texture":"#0"}},"rotation":{"origin":[8.0,8.0,8.0],"angle":22.5,"axis":"y"}}],"display":{"gui":{"rotation":[30,225,0]}}}