{"textures":{"1":"modelengine:entity/em_phsnitch"},"elements":[{"from":[2.0,-0.25,8.0],"to":[14.0,10.75,8.0],"faces":{"south":{"uv":[0.0,1.5,1.5,2.875],"tintindex":-2,"rotation":0,"texture":"#1"},"north":{"uv":[0.0,0.0,1.5,1.375],"tintindex":-2,"rotation":0,"texture":"#1"}}},{"from":[3.0,10.75,5.5],"to":[13.0,18.75,9.5],"faces":{"east":{"uv":[1.75,7.5,2.25,8.5],"tintindex":-2,"rotation":0,"texture":"#1"},"south":{"uv":[4.25,0.0,5.5,1.0],"tintindex":-2,"rotation":0,"texture":"#1"},"north":{"uv":[1.0,3.875,2.25,4.875],"tintindex":-2,"rotation":0,"texture":"#1"},"west":{"uv":[3.375,7.625,3.875,8.625],"tintindex":-2,"rotation":0,"texture":"#1"},"up":{"uv":[8.125,1.375,6.875,0.875],"tintindex":-2,"rotation":0,"texture":"#1"},"down":{"uv":[8.125,1.5,6.875,2.0],"tintindex":-2,"rotation":0,"texture":"#1"}}},{"from":[4.0,6.75,5.5],"to":[12.0,10.75,9.5],"faces":{"east":{"uv":[8.5,1.75,9.0,2.25],"tintindex":-2,"rotation":0,"texture":"#1"},"south":{"uv":[4.0,7.625,5.0,8.125],"tintindex":-2,"rotation":0,"texture":"#1"},"north":{"uv":[7.375,2.875,8.375,3.375],"tintindex":-2,"rotation":0,"texture":"#1"},"west":{"uv":[8.5,2.375,9.0,2.875],"tintindex":-2,"rotation":0,"texture":"#1"},"up":{"uv":[8.875,0.5,7.875,0.0],"tintindex":-2,"rotation":0,"texture":"#1"},"down":{"uv":[8.875,4.375,7.875,4.875],"tintindex":-2,"rotation":0,"texture":"#1"}}}],"display":{"gui":{"rotation":[30,225,0]}}}