{"textures":{"0":"modelengine:entity/em_phintermiteyes","1":"modelengine:entity/em_phsnitch"},"elements":[{"from":[5.05,9.05,5.05],"to":[10.95,14.95,10.95],"faces":{"east":{"uv":[7.375,2.25,8.125,3.0],"tintindex":-2,"rotation":0,"texture":"#0"},"south":{"uv":[4.125,7.375,4.875,8.125],"tintindex":-2,"rotation":0,"texture":"#0"},"north":{"uv":[0.0,0.0,6.0,6.0],"tintindex":-2,"rotation":0,"texture":"#0"},"west":{"uv":[0.0,7.5,0.75,8.25],"tintindex":-2,"rotation":0,"texture":"#0"},"up":{"uv":[1.625,8.25,0.875,7.5],"tintindex":-2,"rotation":0,"texture":"#0"},"down":{"uv":[2.5,7.5,1.75,8.25],"tintindex":-2,"rotation":0,"texture":"#0"}}},{"from":[4.005,2.7388258,3.8358274],"to":[11.995,7.7288256,7.825827],"faces":{"east":{"uv":[0.0,8.375,0.5,9.0],"tintindex":-2,"rotation":0,"texture":"#1"},"south":{"uv":[7.25,3.625,8.25,4.25],"tintindex":-2,"rotation":0,"texture":"#1"},"north":{"uv":[5.25,7.125,6.25,7.75],"tintindex":-2,"rotation":0,"texture":"#1"},"west":{"uv":[0.625,8.375,1.125,9.0],"tintindex":-2,"rotation":0,"texture":"#1"},"up":{"uv":[8.875,5.5,7.875,5.0],"tintindex":-2,"rotation":0,"texture":"#1"},"down":{"uv":[6.125,7.875,5.125,8.375],"tintindex":-2,"rotation":0,"texture":"#1"}},"rotation":{"origin":[8.0,8.071123,3.5941129],"angle":-45.0,"axis":"x"}},{"from":[4.0,8.0,4.0],"to":[12.0,16.0,12.0],"faces":{"east":{"uv":[4.625,1.125,5.625,2.125],"tintindex":-2,"rotation":0,"texture":"#1"},"south":{"uv":[4.625,2.25,5.625,3.25],"tintindex":-2,"rotation":0,"texture":"#1"},"north":{"uv":[2.375,3.875,3.375,4.875],"tintindex":-2,"rotation":0,"texture":"#1"},"west":{"uv":[4.625,3.375,5.625,4.375],"tintindex":-2,"rotation":0,"texture":"#1"},"up":{"uv":[5.625,5.5,4.625,4.5],"tintindex":-2,"rotation":0,"texture":"#1"},"down":{"uv":[4.5,4.875,3.5,5.875],"tintindex":-2,"rotation":0,"texture":"#1"}}},{"from":[12.0,16.0,12.0],"to":[4.0,8.0,4.0],"faces":{"east":{"uv":[1.125,5.0,2.125,6.0],"tintindex":-2,"rotation":0,"texture":"#1"},"south":{"uv":[2.25,5.0,3.25,6.0],"tintindex":-2,"rotation":0,"texture":"#1"},"north":{"uv":[0.0,5.0,1.0,6.0],"tintindex":-2,"rotation":0,"texture":"#1"},"west":{"uv":[5.625,0.0,6.625,1.0],"tintindex":-2,"rotation":0,"texture":"#1"},"up":{"uv":[5.625,6.625,4.625,5.625],"tintindex":-2,"rotation":0,"texture":"#1"},"down":{"uv":[6.75,1.125,5.75,2.125],"tintindex":-2,"rotation":0,"texture":"#1"}}},{"from":[11.995,7.7288256,6.825827],"to":[4.005,2.7388258,3.8358274],"faces":{"east":{"uv":[4.125,6.0,4.5,6.625],"tintindex":-2,"rotation":0,"texture":"#1"},"south":{"uv":[7.375,2.125,8.375,2.75],"tintindex":-2,"rotation":0,"texture":"#1"},"north":{"uv":[7.25,7.125,8.25,7.75],"tintindex":-2,"rotation":0,"texture":"#1"},"west":{"uv":[1.25,8.375,1.625,9.0],"tintindex":-2,"rotation":0,"texture":"#1"},"up":{"uv":[9.25,1.625,8.25,1.25],"tintindex":-2,"rotation":0,"texture":"#1"},"down":{"uv":[5.0,8.25,4.0,8.625],"tintindex":-2,"rotation":0,"texture":"#1"}},"rotation":{"origin":[8.0,8.071123,3.5941129],"angle":-45.0,"axis":"x"}}],"display":{"gui":{"rotation":[30,225,0]}}}