{"textures":{"1":"modelengine:entity/em_phsnitch"},"elements":[{"from":[7.0,6.0,5.0],"to":[9.0,8.0,8.0],"faces":{"east":{"uv":[0.0,4.625,0.375,4.875],"tintindex":-2,"rotation":0,"texture":"#1"},"south":{"uv":[3.0,7.75,3.25,8.0],"tintindex":-2,"rotation":0,"texture":"#1"},"north":{"uv":[5.25,6.75,5.5,7.0],"tintindex":-2,"rotation":0,"texture":"#1"},"west":{"uv":[0.5,4.625,0.875,4.875],"tintindex":-2,"rotation":0,"texture":"#1"},"up":{"uv":[3.5,2.0,3.25,1.625],"tintindex":-2,"rotation":0,"texture":"#1"},"down":{"uv":[4.5,1.125,4.25,1.5],"tintindex":-2,"rotation":0,"texture":"#1"}}},{"from":[6.0,7.0,7.2],"to":[10.0,10.0,8.2],"faces":{"east":{"uv":[3.0,8.125,3.125,8.5],"tintindex":-2,"rotation":0,"texture":"#1"},"south":{"uv":[5.125,8.5,5.625,8.875],"tintindex":-2,"rotation":0,"texture":"#1"},"north":{"uv":[8.5,3.0,9.0,3.375],"tintindex":-2,"rotation":0,"texture":"#1"},"west":{"uv":[5.75,8.5,5.875,8.875],"tintindex":-2,"rotation":0,"texture":"#1"},"up":{"uv":[8.875,7.75,8.375,7.625],"tintindex":-2,"rotation":0,"texture":"#1"},"down":{"uv":[9.0,7.875,8.5,8.0],"tintindex":-2,"rotation":0,"texture":"#1"}}}],"display":{"gui":{"rotation":[30,225,0]}}}