{"textures":{"1":"modelengine:entity/em_phsnitch"},"elements":[{"from":[0.5,-2.5,8.125],"to":[12.5,5.5,8.125],"faces":{"south":{"uv":[1.625,1.125,3.125,2.125],"tintindex":-2,"rotation":0,"texture":"#1"},"north":{"uv":[1.625,0.0,3.125,1.0],"tintindex":-2,"rotation":0,"texture":"#1"}},"rotation":{"origin":[6.5,4.0,14.125],"angle":45.0,"axis":"z"}},{"from":[6.5,-3.0,10.5],"to":[11.5,9.0,10.5],"faces":{"south":{"uv":[5.75,3.875,6.375,5.375],"tintindex":-2,"rotation":0,"texture":"#1"},"north":{"uv":[5.75,2.25,6.375,3.75],"tintindex":-2,"rotation":0,"texture":"#1"}},"rotation":{"origin":[6.5,3.0,10.5],"angle":-22.5,"axis":"y"}},{"from":[6.5,-3.0,9.5],"to":[6.5,9.0,16.5],"faces":{"east":{"uv":[1.625,2.25,2.5,3.75],"tintindex":-2,"rotation":0,"texture":"#1"},"west":{"uv":[2.625,2.25,3.5,3.75],"tintindex":-2,"rotation":0,"texture":"#1"}},"rotation":{"origin":[6.5,-5.0,10.5],"angle":22.5,"axis":"y"}},{"from":[4.5,-1.5,5.5],"to":[8.5,8.5,10.5],"faces":{"east":{"uv":[6.5,5.25,7.125,6.5],"tintindex":-2,"rotation":0,"texture":"#1"},"south":{"uv":[7.25,5.75,7.75,7.0],"tintindex":-2,"rotation":0,"texture":"#1"},"north":{"uv":[7.25,4.375,7.75,5.625],"tintindex":-2,"rotation":0,"texture":"#1"},"west":{"uv":[6.5,6.625,7.125,7.875],"tintindex":-2,"rotation":0,"texture":"#1"},"up":{"uv":[8.875,4.125,8.375,3.5],"tintindex":-2,"rotation":0,"texture":"#1"},"down":{"uv":[8.875,6.875,8.375,7.5],"tintindex":-2,"rotation":0,"texture":"#1"}}},{"from":[4.5,-1.5,10.5],"to":[4.5,8.5,16.5],"faces":{"east":{"uv":[0.0,6.125,0.75,7.375],"tintindex":-2,"rotation":0,"texture":"#1"},"west":{"uv":[0.875,6.125,1.625,7.375],"tintindex":-2,"rotation":0,"texture":"#1"}},"rotation":{"origin":[4.5,2.5,10.5],"angle":-45.0,"axis":"y"}},{"from":[4.5,-4.0,5.5],"to":[4.5,8.0,10.5],"faces":{"east":{"uv":[2.625,6.125,3.25,7.625],"tintindex":-2,"rotation":0,"texture":"#1"},"west":{"uv":[6.5,3.625,7.125,5.125],"tintindex":-2,"rotation":0,"texture":"#1"}},"rotation":{"origin":[4.5,2.0,5.5],"angle":-45.0,"axis":"y"}}],"display":{"gui":{"rotation":[30,225,0]}}}