{"textures":{"1":"modelengine:entity/em_phsnitch"},"elements":[{"from":[10.5,-3.0,6.0],"to":[10.5,9.0,13.0],"faces":{"east":{"uv":[3.625,1.625,4.5,3.125],"tintindex":-2,"rotation":0,"texture":"#1"},"west":{"uv":[3.625,3.25,4.5,4.75],"tintindex":-2,"rotation":0,"texture":"#1"}},"rotation":{"origin":[11.5,-5.0,10.5],"angle":45.0,"axis":"y"}},{"from":[8.112743,-3.5,5.581468],"to":[13.112743,8.5,5.581468],"faces":{"south":{"uv":[3.375,6.0,4.0,7.5],"tintindex":-2,"rotation":0,"texture":"#1"},"north":{"uv":[5.75,5.5,6.375,7.0],"tintindex":-2,"rotation":0,"texture":"#1"}},"rotation":{"origin":[10.112743,2.5,7.581468],"angle":22.5,"axis":"y"}},{"from":[7.5,-2.0,9.5],"to":[7.5,10.0,16.5],"faces":{"east":{"uv":[0.0,3.0,0.875,4.5],"tintindex":-2,"rotation":0,"texture":"#1"},"west":{"uv":[3.25,0.0,4.125,1.5],"tintindex":-2,"rotation":0,"texture":"#1"}},"rotation":{"origin":[9.5,-5.0,10.5],"angle":-22.5,"axis":"y"}},{"from":[7.5,-0.5,7.5],"to":[13.5,9.5,7.5],"faces":{"south":{"uv":[6.5,2.25,7.25,3.5],"tintindex":-2,"rotation":0,"texture":"#1"},"north":{"uv":[1.75,6.125,2.5,7.375],"tintindex":-2,"rotation":0,"texture":"#1"}},"rotation":{"origin":[7.5,5.5,7.5],"angle":-22.5,"axis":"y"}}],"display":{"gui":{"rotation":[30,225,0]}}}