{"textures":{"1":"modelengine:entity/em_phsnitch"},"elements":[{"from":[4.0,2.0,8.0],"to":[12.0,8.0,12.0],"faces":{"east":{"uv":[1.0,3.0,1.5,3.75],"tintindex":-2,"rotation":0,"texture":"#1"},"south":{"uv":[4.125,6.75,5.125,7.5],"tintindex":-2,"rotation":0,"texture":"#1"},"north":{"uv":[6.75,0.0,7.75,0.75],"tintindex":-2,"rotation":0,"texture":"#1"},"west":{"uv":[2.375,7.75,2.875,8.5],"tintindex":-2,"rotation":0,"texture":"#1"},"up":{"uv":[8.875,6.125,7.875,5.625],"tintindex":-2,"rotation":0,"texture":"#1"},"down":{"uv":[8.875,6.25,7.875,6.75],"tintindex":-2,"rotation":0,"texture":"#1"}}}],"display":{"gui":{"rotation":[30,225,0]}}}