{"textures":{"1":"modelengine:entity/em_phsnitch"},"elements":[{"from":[5.2,2.2,8.2],"to":[10.8,7.8,11.8],"faces":{"east":{"uv":[7.25,7.875,7.75,8.625],"tintindex":-2,"rotation":0,"texture":"#1"},"south":{"uv":[0.875,7.5,1.625,8.25],"tintindex":-2,"rotation":0,"texture":"#1"},"north":{"uv":[0.0,7.5,0.75,8.25],"tintindex":-2,"rotation":0,"texture":"#1"},"west":{"uv":[7.875,7.875,8.375,8.625],"tintindex":-2,"rotation":0,"texture":"#1"},"up":{"uv":[7.0,8.5,6.25,8.0],"tintindex":-2,"rotation":0,"texture":"#1"},"down":{"uv":[9.0,0.625,8.25,1.125],"tintindex":-2,"rotation":0,"texture":"#1"}}}],"display":{"gui":{"rotation":[30,225,0]}}}