{"textures":{"1":"modelengine:entity/em_nothingness"},"elements":[{"from":[-8.0,-8.0,8.0],"to":[24.0,24.0,8.0],"faces":{"east":{"uv":[-5.0E-4,0.001,-0.016625,7.999],"tintindex":-2,"rotation":180,"texture":"#1"},"south":{"uv":[0.9995,5.0E-4,5.0E-4,0.9995],"tintindex":-2,"rotation":180,"texture":"#1"},"north":{"uv":[5.0E-4,5.0E-4,0.9995,0.9995],"tintindex":-2,"rotation":180,"texture":"#1"},"west":{"uv":[-5.0E-4,0.001,-0.016625,7.999],"tintindex":-2,"rotation":180,"texture":"#1"},"up":{"uv":[0.001,-5.0E-4,7.999,-0.016625],"tintindex":-2,"rotation":180,"texture":"#1"},"down":{"uv":[0.001,-5.0E-4,7.999,-0.016625],"tintindex":-2,"rotation":180,"texture":"#1"}}},{"from":[8.0,-8.0,-8.0],"to":[8.0,24.0,24.0],"faces":{"east":{"uv":[0.9995,5.0E-4,5.0E-4,0.9995],"tintindex":-2,"rotation":180,"texture":"#1"},"south":{"uv":[-5.0E-4,0.001,-0.016625,7.999],"tintindex":-2,"rotation":180,"texture":"#1"},"north":{"uv":[-5.0E-4,0.001,-0.016625,7.999],"tintindex":-2,"rotation":180,"texture":"#1"},"west":{"uv":[5.0E-4,5.0E-4,0.9995,0.9995],"tintindex":-2,"rotation":180,"texture":"#1"},"up":{"uv":[0.001,-5.0E-4,7.999,-0.016625],"tintindex":-2,"rotation":90,"texture":"#1"},"down":{"uv":[0.001,-5.0E-4,7.999,-0.016625],"tintindex":-2,"rotation":270,"texture":"#1"}}},{"from":[-8.0,8.0,-8.0],"to":[24.0,8.0,24.0],"faces":{"east":{"uv":[0.001,-5.0E-4,7.999,-0.016625],"tintindex":-2,"rotation":180,"texture":"#1"},"south":{"uv":[-5.0E-4,0.001,-0.016625,7.999],"tintindex":-2,"rotation":270,"texture":"#1"},"north":{"uv":[-5.0E-4,0.001,-0.016625,7.999],"tintindex":-2,"rotation":90,"texture":"#1"},"west":{"uv":[0.001,-5.0E-4,7.999,-0.016625],"tintindex":-2,"rotation":0,"texture":"#1"},"up":{"uv":[5.0E-4,5.0E-4,0.9995,0.9995],"tintindex":-2,"rotation":270,"texture":"#1"},"down":{"uv":[0.9995,5.0E-4,5.0E-4,0.9995],"tintindex":-2,"rotation":270,"texture":"#1"}}}],"display":{"gui":{"rotation":[30,225,0]}}}