{"textures":{"2":"modelengine:entity/firespirit_body2"},"elements":[{"from":[8.0,-8.0,-8.0],"to":[8.0,24.0,24.0],"faces":{"east":{"uv":[15.968,0.032,0.032,15.968],"tintindex":-2,"rotation":0,"texture":"#2"},"west":{"uv":[0.032,0.032,15.968,15.968],"tintindex":-2,"rotation":0,"texture":"#2"}}},{"from":[-8.0,-8.0,8.0],"to":[24.0,24.0,8.0],"faces":{"south":{"uv":[15.968,0.032,0.032,15.968],"tintindex":-2,"rotation":0,"texture":"#2"},"north":{"uv":[0.032,0.032,15.968,15.968],"tintindex":-2,"rotation":0,"texture":"#2"}}}],"display":{"gui":{"rotation":[30,225,0]}}}