{"overrides":[{"predicate":{"custom_model_data":1},"model":"modelengine:lostasset_mob2_flowersprite/r_a"},{"predicate":{"custom_model_data":2},"model":"modelengine:lostasset_mob2_flowersprite/l_l"},{"predicate":{"custom_model_data":3},"model":"modelengine:lostasset_mob2_flowersprite/body"},{"predicate":{"custom_model_data":4},"model":"modelengine:lostasset_mob2_flowersprite/r_l"},{"predicate":{"custom_model_data":5},"model":"modelengine:lostasset_mob2_flowersprite/l_a"},{"predicate":{"custom_model_data":6},"model":"modelengine:lostasset_mob2_flowersprite/r_a2"},{"predicate":{"custom_model_data":7},"model":"modelengine:lostasset_mob2_flowersprite/l_l2"},{"predicate":{"custom_model_data":8},"model":"modelengine:lostasset_mob2_flowersprite/head"},{"predicate":{"custom_model_data":9},"model":"modelengine:lostasset_mob2_flowersprite/r_l2"},{"predicate":{"custom_model_data":10},"model":"modelengine:lostasset_mob2_flowersprite/l_a2"},{"predicate":{"custom_model_data":11},"model":"modelengine:lostasset_mob2_flowersprite/l_f"},{"predicate":{"custom_model_data":12},"model":"modelengine:lostasset_mob2_flowersprite/r_f"},{"predicate":{"custom_model_data":13},"model":"modelengine:lostasset_mob2_flowersprite/s_f"},{"predicate":{"custom_model_data":14},"model":"modelengine:lostasset_mob2_flowersprite/w_f"},{"predicate":{"custom_model_data":15},"model":"modelengine:lostasset_mob2_flowersprite_flower/lotus_4_4"},{"predicate":{"custom_model_data":16},"model":"modelengine:lostasset_mob2_flowersprite_flower/lotus_3_4"},{"predicate":{"custom_model_data":17},"model":"modelengine:lostasset_mob2_flowersprite_flower/lotus_4_3"},{"predicate":{"custom_model_data":18},"model":"modelengine:lostasset_mob2_flowersprite_flower/lotus_1_1"},{"predicate":{"custom_model_data":19},"model":"modelengine:lostasset_mob2_flowersprite_flower/lotus_2_4"},{"predicate":{"custom_model_data":20},"model":"modelengine:lostasset_mob2_flowersprite_flower/lotus_3_3"},{"predicate":{"custom_model_data":21},"model":"modelengine:lostasset_mob2_flowersprite_flower/lotus_4_2"},{"predicate":{"custom_model_data":22},"model":"modelengine:lostasset_mob2_flowersprite_flower/lotus_1_4"},{"predicate":{"custom_model_data":23},"model":"modelengine:lostasset_mob2_flowersprite_flower/lotus_2_3"},{"predicate":{"custom_model_data":24},"model":"modelengine:lostasset_mob2_flowersprite_flower/lotus_3_2"},{"predicate":{"custom_model_data":25},"model":"modelengine:lostasset_mob2_flowersprite_flower/lotus_4_1"},{"predicate":{"custom_model_data":26},"model":"modelengine:lostasset_mob2_flowersprite_flower/lotus_1_3"},{"predicate":{"custom_model_data":27},"model":"modelengine:lostasset_mob2_flowersprite_flower/lotus_2_2"},{"predicate":{"custom_model_data":28},"model":"modelengine:lostasset_mob2_flowersprite_flower/lotus_3_1"},{"predicate":{"custom_model_data":29},"model":"modelengine:lostasset_mob2_flowersprite_flower/lotus_1_2"},{"predicate":{"custom_model_data":30},"model":"modelengine:lostasset_mob2_flowersprite_flower/lotus_2_1"},{"predicate":{"custom_model_data":31},"model":"modelengine:lostasset_mob2_lakefairy/head"},{"predicate":{"custom_model_data":32},"model":"modelengine:lostasset_mob2_lakefairy/left_leg"},{"predicate":{"custom_model_data":33},"model":"modelengine:lostasset_mob2_lakefairy/right_arm"},{"predicate":{"custom_model_data":34},"model":"modelengine:lostasset_mob2_lakefairy/right_leg"},{"predicate":{"custom_model_data":35},"model":"modelengine:lostasset_mob2_lakefairy/left_arm"},{"predicate":{"custom_model_data":36},"model":"modelengine:lostasset_mob2_lakefairy/body"},{"predicate":{"custom_model_data":37},"model":"modelengine:lostasset_mob2_lakefairy/head2"},{"predicate":{"custom_model_data":38},"model":"modelengine:lostasset_mob2_lakefairy/right_wing"},{"predicate":{"custom_model_data":39},"model":"modelengine:lostasset_mob2_lakefairy/left_wing"},{"predicate":{"custom_model_data":40},"model":"modelengine:lostasset_mob2_leaffairy/head"},{"predicate":{"custom_model_data":41},"model":"modelengine:lostasset_mob2_leaffairy/leaf2"},{"predicate":{"custom_model_data":42},"model":"modelengine:lostasset_mob2_leaffairy/r_a"},{"predicate":{"custom_model_data":43},"model":"modelengine:lostasset_mob2_leaffairy/l_l"},{"predicate":{"custom_model_data":44},"model":"modelengine:lostasset_mob2_leaffairy/body"},{"predicate":{"custom_model_data":45},"model":"modelengine:lostasset_mob2_leaffairy/r_l"},{"predicate":{"custom_model_data":46},"model":"modelengine:lostasset_mob2_leaffairy/l_a"},{"predicate":{"custom_model_data":47},"model":"modelengine:lostasset_mob2_leaffairy/leaf1_1"},{"predicate":{"custom_model_data":48},"model":"modelengine:lostasset_mob2_leaffairy/leaf1_2"},{"predicate":{"custom_model_data":49},"model":"modelengine:lostasset_mob2_mushroomfairy/head"},{"predicate":{"custom_model_data":50},"model":"modelengine:lostasset_mob2_mushroomfairy/right_arm"},{"predicate":{"custom_model_data":51},"model":"modelengine:lostasset_mob2_mushroomfairy/left_leg"},{"predicate":{"custom_model_data":52},"model":"modelengine:lostasset_mob2_mushroomfairy/left_arm"},{"predicate":{"custom_model_data":53},"model":"modelengine:lostasset_mob2_mushroomfairy/right_leg"},{"predicate":{"custom_model_data":54},"model":"modelengine:lostasset_mob2_mushroomfairy/body"},{"predicate":{"custom_model_data":55},"model":"modelengine:ant/body"},{"predicate":{"custom_model_data":56},"model":"modelengine:ant/head"},{"predicate":{"custom_model_data":57},"model":"modelengine:ant/right_leg_2"},{"predicate":{"custom_model_data":58},"model":"modelengine:ant/right_leg_3"},{"predicate":{"custom_model_data":59},"model":"modelengine:ant/right_leg_1"},{"predicate":{"custom_model_data":60},"model":"modelengine:ant/back"},{"predicate":{"custom_model_data":61},"model":"modelengine:ant/left_leg_1"},{"predicate":{"custom_model_data":62},"model":"modelengine:ant/left_leg_2"},{"predicate":{"custom_model_data":63},"model":"modelengine:ant/left_leg_3"},{"predicate":{"custom_model_data":64},"model":"modelengine:ant/right_antenna"},{"predicate":{"custom_model_data":65},"model":"modelengine:ant/left_mandible"},{"predicate":{"custom_model_data":66},"model":"modelengine:ant/right_mandible"},{"predicate":{"custom_model_data":67},"model":"modelengine:ant/left_antenna"},{"predicate":{"custom_model_data":68},"model":"modelengine:em_firespirit/core2"},{"predicate":{"custom_model_data":69},"model":"modelengine:em_firespirit/core"},{"predicate":{"custom_model_data":70},"model":"modelengine:em_phfx1/frame1"},{"predicate":{"custom_model_data":71},"model":"modelengine:em_phsnitch/body"},{"predicate":{"custom_model_data":72},"model":"modelengine:em_phsnitch/tail_a"},{"predicate":{"custom_model_data":73},"model":"modelengine:em_phsnitch/left_arm"},{"predicate":{"custom_model_data":74},"model":"modelengine:em_phsnitch/right_arm"},{"predicate":{"custom_model_data":75},"model":"modelengine:em_phsnitch/head"},{"predicate":{"custom_model_data":76},"model":"modelengine:em_phsnitch/jaw"},{"predicate":{"custom_model_data":77},"model":"modelengine:em_phsnitch/tail_b"},{"predicate":{"custom_model_data":78},"model":"modelengine:em_phspirifirefx1/frame1"},{"predicate":{"custom_model_data":79},"model":"modelengine:em_phspirifirefx2/frame1"},{"predicate":{"custom_model_data":80},"model":"modelengine:em_phspirifireprojectile_a/core"},{"predicate":{"custom_model_data":81},"model":"modelengine:em_phwraith/body"},{"predicate":{"custom_model_data":82},"model":"modelengine:em_phwraith/left_arm"},{"predicate":{"custom_model_data":83},"model":"modelengine:em_phwraith/right_arm"},{"predicate":{"custom_model_data":84},"model":"modelengine:em_phwraith/head"},{"predicate":{"custom_model_data":85},"model":"modelengine:em_phwraith/left_forearm"},{"predicate":{"custom_model_data":86},"model":"modelengine:em_phwraith/right_forearm"},{"predicate":{"custom_model_data":87},"model":"modelengine:gigas/gigas"},{"predicate":{"custom_model_data":88},"model":"modelengine:gigas/lilclaw"},{"predicate":{"custom_model_data":89},"model":"modelengine:gigas/rightleg2"},{"predicate":{"custom_model_data":90},"model":"modelengine:gigas/rightleg"},{"predicate":{"custom_model_data":91},"model":"modelengine:gigas/leftmandible"},{"predicate":{"custom_model_data":92},"model":"modelengine:gigas/bigclaw"},{"predicate":{"custom_model_data":93},"model":"modelengine:gigas/leftleg"},{"predicate":{"custom_model_data":94},"model":"modelengine:gigas/rightflipper"},{"predicate":{"custom_model_data":95},"model":"modelengine:gigas/leftleg2"},{"predicate":{"custom_model_data":96},"model":"modelengine:gigas/leftflipper"},{"predicate":{"custom_model_data":97},"model":"modelengine:gigas/rightmandible"},{"predicate":{"custom_model_data":98},"model":"modelengine:gigas/lilclawarm"},{"predicate":{"custom_model_data":99},"model":"modelengine:gigas/rightknee2"},{"predicate":{"custom_model_data":100},"model":"modelengine:gigas/rightknee1"},{"predicate":{"custom_model_data":101},"model":"modelengine:gigas/bigclawhand"},{"predicate":{"custom_model_data":102},"model":"modelengine:gigas/leftknee"},{"predicate":{"custom_model_data":103},"model":"modelengine:gigas/rightflipperfoot"},{"predicate":{"custom_model_data":104},"model":"modelengine:gigas/leftknee2"},{"predicate":{"custom_model_data":105},"model":"modelengine:gigas/leftflipperfoot"},{"predicate":{"custom_model_data":106},"model":"modelengine:gigas/lilclawfinger"},{"predicate":{"custom_model_data":107},"model":"modelengine:gigas/rightfoot2"},{"predicate":{"custom_model_data":108},"model":"modelengine:gigas/rightfoot1"},{"predicate":{"custom_model_data":109},"model":"modelengine:gigas/bigclawfinger"},{"predicate":{"custom_model_data":110},"model":"modelengine:gigas/leftfoot"},{"predicate":{"custom_model_data":111},"model":"modelengine:gigas/rightflippertoe"},{"predicate":{"custom_model_data":112},"model":"modelengine:gigas/leftfoot2"},{"predicate":{"custom_model_data":113},"model":"modelengine:gigas/leftflippertoe"},{"predicate":{"custom_model_data":114},"model":"modelengine:gigasbabyblue/gigasbaby"},{"predicate":{"custom_model_data":115},"model":"modelengine:gigasbabyblue/claws"},{"predicate":{"custom_model_data":116},"model":"modelengine:gigasbabyblue/frontlegs"},{"predicate":{"custom_model_data":117},"model":"modelengine:gigasbabyblue/backlegs"},{"predicate":{"custom_model_data":118},"model":"modelengine:gigasbabyred/gigasbaby"},{"predicate":{"custom_model_data":119},"model":"modelengine:gigasbabyred/claws"},{"predicate":{"custom_model_data":120},"model":"modelengine:gigasbabyred/frontlegs"},{"predicate":{"custom_model_data":121},"model":"modelengine:gigasbabyred/backlegs"},{"predicate":{"custom_model_data":122},"model":"modelengine:spirifire_resources/ffxa6"},{"predicate":{"custom_model_data":123},"model":"modelengine:spirifire_resources/ffxa5"},{"predicate":{"custom_model_data":124},"model":"modelengine:spirifire_resources/ffxa8"},{"predicate":{"custom_model_data":125},"model":"modelengine:spirifire_resources/ffxa7"},{"predicate":{"custom_model_data":126},"model":"modelengine:spirifire_resources/ffxa2"},{"predicate":{"custom_model_data":127},"model":"modelengine:spirifire_resources/ffxa1"},{"predicate":{"custom_model_data":128},"model":"modelengine:spirifire_resources/ffxa4"},{"predicate":{"custom_model_data":129},"model":"modelengine:spirifire_resources/ffxa3"},{"predicate":{"custom_model_data":130},"model":"modelengine:spirifire_resources/ffxa13"},{"predicate":{"custom_model_data":131},"model":"modelengine:spirifire_resources/ffxa12"},{"predicate":{"custom_model_data":132},"model":"modelengine:spirifire_resources/ffxa11"},{"predicate":{"custom_model_data":133},"model":"modelengine:spirifire_resources/ffxa10"},{"predicate":{"custom_model_data":134},"model":"modelengine:spirifire_resources/ffxa9"},{"predicate":{"custom_model_data":135},"model":"modelengine:spirifire_resources/ffxc8"},{"predicate":{"custom_model_data":136},"model":"modelengine:spirifire_resources/ffxc7"},{"predicate":{"custom_model_data":137},"model":"modelengine:spirifire_resources/ffxc9"},{"predicate":{"custom_model_data":138},"model":"modelengine:spirifire_resources/ffxc4"},{"predicate":{"custom_model_data":139},"model":"modelengine:spirifire_resources/ffxc3"},{"predicate":{"custom_model_data":140},"model":"modelengine:spirifire_resources/ffxc6"},{"predicate":{"custom_model_data":141},"model":"modelengine:spirifire_resources/ffxc5"},{"predicate":{"custom_model_data":142},"model":"modelengine:spirifire_resources/ffxc11"},{"predicate":{"custom_model_data":143},"model":"modelengine:spirifire_resources/ffxc10"},{"predicate":{"custom_model_data":144},"model":"modelengine:spirifire_resources/ffxc2"},{"predicate":{"custom_model_data":145},"model":"modelengine:spirifire_resources/ffxc1"},{"predicate":{"custom_model_data":146},"model":"modelengine:spirifire_resources/ffxc15"},{"predicate":{"custom_model_data":147},"model":"modelengine:spirifire_resources/ffxc14"},{"predicate":{"custom_model_data":148},"model":"modelengine:spirifire_resources/ffxc13"},{"predicate":{"custom_model_data":149},"model":"modelengine:spirifire_resources/ffxc12"},{"predicate":{"custom_model_data":150},"model":"modelengine:spirifire_resources/ffxc17"},{"predicate":{"custom_model_data":151},"model":"modelengine:spirifire_resources/ffxc16"},{"predicate":{"custom_model_data":152},"model":"modelengine:spirifire_resources/firewavea8"},{"predicate":{"custom_model_data":153},"model":"modelengine:spirifire_resources/firewavea9"},{"predicate":{"custom_model_data":154},"model":"modelengine:spirifire_resources/firewavea6"},{"predicate":{"custom_model_data":155},"model":"modelengine:spirifire_resources/firewavea7"},{"predicate":{"custom_model_data":156},"model":"modelengine:spirifire_resources/firewavea4"},{"predicate":{"custom_model_data":157},"model":"modelengine:spirifire_resources/firewavea5"},{"predicate":{"custom_model_data":158},"model":"modelengine:spirifire_resources/firewavea2"},{"predicate":{"custom_model_data":159},"model":"modelengine:spirifire_resources/firewavea3"},{"predicate":{"custom_model_data":160},"model":"modelengine:spirifire_resources/firewavea1"},{"predicate":{"custom_model_data":161},"model":"modelengine:spirifire_resources/firewavea10"},{"predicate":{"custom_model_data":162},"model":"modelengine:spirifire_resources/firewavea11"},{"predicate":{"custom_model_data":163},"model":"modelengine:spirifire_resources/firewavea12"},{"predicate":{"custom_model_data":164},"model":"modelengine:spirifire_resources/firewavea13"},{"predicate":{"custom_model_data":165},"model":"modelengine:spirifire_resources/firewavec8"},{"predicate":{"custom_model_data":166},"model":"modelengine:spirifire_resources/firewavec9"},{"predicate":{"custom_model_data":167},"model":"modelengine:spirifire_resources/firewavec6"},{"predicate":{"custom_model_data":168},"model":"modelengine:spirifire_resources/firewavec7"},{"predicate":{"custom_model_data":169},"model":"modelengine:spirifire_resources/firewavec"},{"predicate":{"custom_model_data":170},"model":"modelengine:spirifire_resources/firewavec4"},{"predicate":{"custom_model_data":171},"model":"modelengine:spirifire_resources/firewavec5"},{"predicate":{"custom_model_data":172},"model":"modelengine:spirifire_resources/firewavec2"},{"predicate":{"custom_model_data":173},"model":"modelengine:spirifire_resources/firewavec3"},{"predicate":{"custom_model_data":174},"model":"modelengine:spirifire_resources/firewavec1"},{"predicate":{"custom_model_data":175},"model":"modelengine:spirifire_resources/firewavec10"},{"predicate":{"custom_model_data":176},"model":"modelengine:spirifire_resources/firewavec11"},{"predicate":{"custom_model_data":177},"model":"modelengine:spirifire_resources/firewavec12"},{"predicate":{"custom_model_data":178},"model":"modelengine:spirifire_resources/ffxb7"},{"predicate":{"custom_model_data":179},"model":"modelengine:spirifire_resources/ffxb6"},{"predicate":{"custom_model_data":180},"model":"modelengine:spirifire_resources/ffxb9"},{"predicate":{"custom_model_data":181},"model":"modelengine:spirifire_resources/ffxb8"},{"predicate":{"custom_model_data":182},"model":"modelengine:spirifire_resources/ffxb3"},{"predicate":{"custom_model_data":183},"model":"modelengine:spirifire_resources/ffxb2"},{"predicate":{"custom_model_data":184},"model":"modelengine:spirifire_resources/ffxb5"},{"predicate":{"custom_model_data":185},"model":"modelengine:spirifire_resources/ffxb4"},{"predicate":{"custom_model_data":186},"model":"modelengine:spirifire_resources/ffxb12"},{"predicate":{"custom_model_data":187},"model":"modelengine:spirifire_resources/ffxb11"},{"predicate":{"custom_model_data":188},"model":"modelengine:spirifire_resources/ffxb1"},{"predicate":{"custom_model_data":189},"model":"modelengine:spirifire_resources/ffxb10"},{"predicate":{"custom_model_data":190},"model":"modelengine:spirifire_resources/ffxb16"},{"predicate":{"custom_model_data":191},"model":"modelengine:spirifire_resources/ffxb15"},{"predicate":{"custom_model_data":192},"model":"modelengine:spirifire_resources/ffxb14"},{"predicate":{"custom_model_data":193},"model":"modelengine:spirifire_resources/ffxb13"},{"predicate":{"custom_model_data":194},"model":"modelengine:spirifire_resources/firewaveb9"},{"predicate":{"custom_model_data":195},"model":"modelengine:spirifire_resources/firewaveb7"},{"predicate":{"custom_model_data":196},"model":"modelengine:spirifire_resources/firewaveb8"},{"predicate":{"custom_model_data":197},"model":"modelengine:spirifire_resources/firewaveb5"},{"predicate":{"custom_model_data":198},"model":"modelengine:spirifire_resources/firewaveb6"},{"predicate":{"custom_model_data":199},"model":"modelengine:spirifire_resources/firewaveb3"},{"predicate":{"custom_model_data":200},"model":"modelengine:spirifire_resources/firewaveb4"},{"predicate":{"custom_model_data":201},"model":"modelengine:spirifire_resources/firewaveb1"},{"predicate":{"custom_model_data":202},"model":"modelengine:spirifire_resources/firewaveb2"},{"predicate":{"custom_model_data":203},"model":"modelengine:spirifire_resources/firewaveb10"},{"predicate":{"custom_model_data":204},"model":"modelengine:spirifire_resources/firewaveb11"},{"predicate":{"custom_model_data":205},"model":"modelengine:spirifire_resources/firewaveb12"},{"predicate":{"custom_model_data":206},"model":"modelengine:spirifire_resources/firewaveb13"},{"predicate":{"custom_model_data":207},"model":"modelengine:spirifire_resources/exclamark1"},{"predicate":{"custom_model_data":208},"model":"modelengine:spirifire_resources/exclamark8"},{"predicate":{"custom_model_data":209},"model":"modelengine:spirifire_resources/exclamark15"},{"predicate":{"custom_model_data":210},"model":"modelengine:spirifire_resources/exclamark9"},{"predicate":{"custom_model_data":211},"model":"modelengine:spirifire_resources/exclamark16"},{"predicate":{"custom_model_data":212},"model":"modelengine:spirifire_resources/exclamark6"},{"predicate":{"custom_model_data":213},"model":"modelengine:spirifire_resources/exclamark13"},{"predicate":{"custom_model_data":214},"model":"modelengine:spirifire_resources/exclamark7"},{"predicate":{"custom_model_data":215},"model":"modelengine:spirifire_resources/exclamark14"},{"predicate":{"custom_model_data":216},"model":"modelengine:spirifire_resources/exclamark4"},{"predicate":{"custom_model_data":217},"model":"modelengine:spirifire_resources/exclamark11"},{"predicate":{"custom_model_data":218},"model":"modelengine:spirifire_resources/exclamark5"},{"predicate":{"custom_model_data":219},"model":"modelengine:spirifire_resources/exclamark12"},{"predicate":{"custom_model_data":220},"model":"modelengine:spirifire_resources/exclamark2"},{"predicate":{"custom_model_data":221},"model":"modelengine:spirifire_resources/exclamark3"},{"predicate":{"custom_model_data":222},"model":"modelengine:spirifire_resources/exclamark10"},{"predicate":{"custom_model_data":223},"model":"modelengine:spirifire_resources/exclamark17"},{"predicate":{"custom_model_data":224},"model":"modelengine:spirifire_resources/exclamark18"},{"predicate":{"custom_model_data":225},"model":"modelengine:toro_wither/body"},{"predicate":{"custom_model_data":226},"model":"modelengine:toro_wither/head"},{"predicate":{"custom_model_data":227},"model":"modelengine:toro_wither/left_rib"},{"predicate":{"custom_model_data":228},"model":"modelengine:toro_wither/core"},{"predicate":{"custom_model_data":229},"model":"modelengine:toro_wither/right_arm"},{"predicate":{"custom_model_data":230},"model":"modelengine:toro_wither/right_neck"},{"predicate":{"custom_model_data":231},"model":"modelengine:toro_wither/left_arm"},{"predicate":{"custom_model_data":232},"model":"modelengine:toro_wither/right_rib"},{"predicate":{"custom_model_data":233},"model":"modelengine:toro_wither/left_neck"},{"predicate":{"custom_model_data":234},"model":"modelengine:toro_wither/spine"},{"predicate":{"custom_model_data":235},"model":"modelengine:toro_wither/jaw"},{"predicate":{"custom_model_data":236},"model":"modelengine:toro_wither/right_forearm"},{"predicate":{"custom_model_data":237},"model":"modelengine:toro_wither/right_head"},{"predicate":{"custom_model_data":238},"model":"modelengine:toro_wither/left_forearm"},{"predicate":{"custom_model_data":239},"model":"modelengine:toro_wither/left_head"},{"predicate":{"custom_model_data":240},"model":"modelengine:toro_wither/spine2"},{"predicate":{"custom_model_data":241},"model":"modelengine:toro_wither/right_claw"},{"predicate":{"custom_model_data":242},"model":"modelengine:toro_wither/left_claw"},{"predicate":{"custom_model_data":243},"model":"modelengine:toro_wither_pool/pool"},{"predicate":{"custom_model_data":244},"model":"modelengine:toro_wither_skull/left_head"},{"predicate":{"custom_model_data":245},"model":"modelengine:toro_wither_skull_2ndphase/head"},{"predicate":{"custom_model_data":246},"model":"modelengine:toro_wither_skull_2ndphase/jaw"},{"predicate":{"custom_model_data":247},"model":"modelengine:toro_wither_still/body"},{"predicate":{"custom_model_data":248},"model":"modelengine:toro_wither_still/nothing"},{"predicate":{"custom_model_data":249},"model":"modelengine:toro_wither_still/head"},{"predicate":{"custom_model_data":250},"model":"modelengine:toro_wither_still/left_rib"},{"predicate":{"custom_model_data":251},"model":"modelengine:toro_wither_still/core"},{"predicate":{"custom_model_data":252},"model":"modelengine:toro_wither_still/right_arm"},{"predicate":{"custom_model_data":253},"model":"modelengine:toro_wither_still/right_neck"},{"predicate":{"custom_model_data":254},"model":"modelengine:toro_wither_still/left_arm"},{"predicate":{"custom_model_data":255},"model":"modelengine:toro_wither_still/right_rib"},{"predicate":{"custom_model_data":256},"model":"modelengine:toro_wither_still/left_neck"},{"predicate":{"custom_model_data":257},"model":"modelengine:toro_wither_still/spine"},{"predicate":{"custom_model_data":258},"model":"modelengine:toro_wither_still/jaw"},{"predicate":{"custom_model_data":259},"model":"modelengine:toro_wither_still/right_forearm"},{"predicate":{"custom_model_data":260},"model":"modelengine:toro_wither_still/right_head"},{"predicate":{"custom_model_data":261},"model":"modelengine:toro_wither_still/left_forearm"},{"predicate":{"custom_model_data":262},"model":"modelengine:toro_wither_still/left_head"},{"predicate":{"custom_model_data":263},"model":"modelengine:toro_wither_still/spine2"},{"predicate":{"custom_model_data":264},"model":"modelengine:toro_wither_still/right_claw"},{"predicate":{"custom_model_data":265},"model":"modelengine:toro_wither_still/left_claw"},{"predicate":{"custom_model_data":266},"model":"modelengine:toro_wither_terror/body"},{"predicate":{"custom_model_data":267},"model":"modelengine:toro_wither_terror/tail1"},{"predicate":{"custom_model_data":268},"model":"modelengine:toro_wither_terror/right_arm"},{"predicate":{"custom_model_data":269},"model":"modelengine:toro_wither_terror/left_arm"},{"predicate":{"custom_model_data":270},"model":"modelengine:toro_wither_terror/neck"},{"predicate":{"custom_model_data":271},"model":"modelengine:toro_wither_terror/tail2"},{"predicate":{"custom_model_data":272},"model":"modelengine:toro_wither_terror/right_forearm"},{"predicate":{"custom_model_data":273},"model":"modelengine:toro_wither_terror/left_forearm"},{"predicate":{"custom_model_data":274},"model":"modelengine:toro_wither_terror/head"},{"predicate":{"custom_model_data":275},"model":"modelengine:toro_wither_terror/tail3"},{"predicate":{"custom_model_data":276},"model":"modelengine:toro_wither_terror/right_hand"},{"predicate":{"custom_model_data":277},"model":"modelengine:toro_wither_terror/left_hand"},{"predicate":{"custom_model_data":278},"model":"modelengine:toro_wither_terror/jaw"},{"predicate":{"custom_model_data":279},"model":"modelengine:toro_wither_terror/right_finger_pinky"},{"predicate":{"custom_model_data":280},"model":"modelengine:toro_wither_terror/head_on_hand"},{"predicate":{"custom_model_data":281},"model":"modelengine:toro_wither_terror/right_finger_index"},{"predicate":{"custom_model_data":282},"model":"modelengine:toro_wither_terror/right_finger_mid"},{"predicate":{"custom_model_data":283},"model":"modelengine:toro_wither_terror/right_thumb"},{"predicate":{"custom_model_data":284},"model":"modelengine:toro_wither_terror/left_finger_index"},{"predicate":{"custom_model_data":285},"model":"modelengine:toro_wither_terror/left_finger_pinky"},{"predicate":{"custom_model_data":286},"model":"modelengine:toro_wither_terror/left_thumb"},{"predicate":{"custom_model_data":287},"model":"modelengine:toro_wither_terror/left_finger_mid"},{"predicate":{"custom_model_data":288},"model":"modelengine:toro_wither_terror/jaw2"}],"parent":"minecraft:item/generated","textures":{"layer0":"minecraft:item/leather_horse_armor"}}