{"textures":{"0":"modelengine:entity/toro_wither"},"elements":[{"from":[8.0,8.0,8.0],"to":[9.0,9.0,9.0],"faces":{"east":{"uv":[9.34375,0.0,9.375,0.03125],"tintindex":-2,"rotation":0,"texture":"#0"},"south":{"uv":[9.34375,0.0,9.375,0.03125],"tintindex":-2,"rotation":0,"texture":"#0"},"north":{"uv":[9.3125,0.03125,9.34375,0.0625],"tintindex":-2,"rotation":0,"texture":"#0"},"west":{"uv":[9.34375,0.0,9.375,0.03125],"tintindex":-2,"rotation":0,"texture":"#0"},"up":{"uv":[9.34375,0.0,9.375,0.03125],"tintindex":-2,"rotation":0,"texture":"#0"},"down":{"uv":[9.34375,0.0,9.375,0.03125],"tintindex":-2,"rotation":0,"texture":"#0"}}}],"display":{"gui":{"rotation":[30,225,0]}}}