{"textures":{"0":"modelengine:entity/gigas"},"elements":[{"from":[9.2173195,4.383807,5.9521503],"to":[21.21732,9.383807,11.95215],"faces":{"east":{"uv":[8.9375,9.5,9.3125,9.8125],"tintindex":-2,"rotation":0,"texture":"#0"},"south":{"uv":[1.625,8.9375,2.375,9.25],"tintindex":-2,"rotation":0,"texture":"#0"},"north":{"uv":[8.875,6.5,9.625,6.8125],"tintindex":-2,"rotation":0,"texture":"#0"},"west":{"uv":[9.3125,9.5,9.6875,9.8125],"tintindex":-2,"rotation":0,"texture":"#0"},"up":{"uv":[9.0625,4.125,8.3125,3.75],"tintindex":-2,"rotation":0,"texture":"#0"},"down":{"uv":[9.125,7.5,8.375,7.875],"tintindex":-2,"rotation":0,"texture":"#0"}}}],"display":{"gui":{"rotation":[30,225,0]}}}