{"textures":{"0":"modelengine:entity/gigas"},"elements":[{"from":[17.667603,6.543681,5.5366616],"to":[27.167603,9.043682,5.5366616],"faces":{"south":{"uv":[5.375,7.875,6.5625,8.1875],"tintindex":-2,"rotation":0,"texture":"#0"},"north":{"uv":[5.375,7.875,6.5625,8.1875],"tintindex":-2,"rotation":0,"texture":"#0"}}},{"from":[17.667603,6.543681,10.036661],"to":[27.167603,9.043682,10.036661],"faces":{"south":{"uv":[7.8125,4.125,9.0,4.4375],"tintindex":-2,"rotation":0,"texture":"#0"},"north":{"uv":[7.8125,4.125,9.0,4.4375],"tintindex":-2,"rotation":0,"texture":"#0"}}},{"from":[7.6676016,6.712767,6.883409],"to":[11.667602,8.712767,8.8834095],"faces":{"east":{"uv":[3.5,9.6875,3.75,9.9375],"tintindex":-2,"rotation":0,"texture":"#0"},"south":{"uv":[6.4375,9.4375,6.9375,9.6875],"tintindex":-2,"rotation":0,"texture":"#0"},"north":{"uv":[6.3125,0.5,6.8125,0.75],"tintindex":-2,"rotation":0,"texture":"#0"},"west":{"uv":[9.6875,3.6875,9.9375,3.9375],"tintindex":-2,"rotation":0,"texture":"#0"},"up":{"uv":[7.4375,9.6875,6.9375,9.4375],"tintindex":-2,"rotation":0,"texture":"#0"},"down":{"uv":[8.6875,9.4375,8.1875,9.6875],"tintindex":-2,"rotation":0,"texture":"#0"}},"rotation":{"origin":[10.819163,8.063217,7.5605865],"angle":-45.0,"axis":"x"}},{"from":[11.667602,6.543681,6.0366616],"to":[17.667603,12.043682,9.536662],"faces":{"east":{"uv":[7.3125,8.1875,7.75,8.875],"tintindex":-2,"rotation":0,"texture":"#0"},"south":{"uv":[3.25,6.5625,4.0,7.25],"tintindex":-2,"rotation":0,"texture":"#0"},"north":{"uv":[2.5,6.5625,3.25,7.25],"tintindex":-2,"rotation":0,"texture":"#0"},"west":{"uv":[8.3125,2.5625,8.75,3.25],"tintindex":-2,"rotation":0,"texture":"#0"},"up":{"uv":[7.3125,8.625,6.5625,8.1875],"tintindex":-2,"rotation":0,"texture":"#0"},"down":{"uv":[0.75,8.25,0.0,8.6875],"tintindex":-2,"rotation":0,"texture":"#0"}}},{"from":[27.167603,6.543681,5.5366616],"to":[27.167603,9.043682,10.036661],"faces":{"east":{"uv":[6.4375,9.125,7.0,9.4375],"tintindex":-2,"rotation":0,"texture":"#0"},"west":{"uv":[6.4375,9.125,7.0,9.4375],"tintindex":-2,"rotation":0,"texture":"#0"}}},{"from":[11.667602,12.043682,8.036662],"to":[17.667603,14.043682,8.036662],"faces":{"south":{"uv":[5.6875,9.125,6.4375,9.375],"tintindex":-2,"rotation":0,"texture":"#0"},"north":{"uv":[5.6875,9.125,6.4375,9.375],"tintindex":-2,"rotation":0,"texture":"#0"}}},{"from":[15.727811,5.1806054,5.2866616],"to":[19.22781,8.680605,10.286661],"faces":{"east":{"uv":[4.5,8.4375,5.125,8.875],"tintindex":-2,"rotation":0,"texture":"#0"},"south":{"uv":[8.625,9.0,9.0625,9.4375],"tintindex":-2,"rotation":0,"texture":"#0"},"north":{"uv":[8.1875,9.0,8.625,9.4375],"tintindex":-2,"rotation":0,"texture":"#0"},"west":{"uv":[8.5,4.4375,9.125,4.875],"tintindex":-2,"rotation":0,"texture":"#0"},"up":{"uv":[5.5625,9.125,5.125,8.5],"tintindex":-2,"rotation":0,"texture":"#0"},"down":{"uv":[6.0,8.5,5.5625,9.125],"tintindex":-2,"rotation":0,"texture":"#0"}},"rotation":{"origin":[17.86036,7.256654,7.5605865],"angle":-22.5,"axis":"z"}},{"from":[17.667603,9.043682,5.5366616],"to":[27.167603,12.543682,10.036661],"faces":{"east":{"uv":[0.5,8.9375,1.0625,9.375],"tintindex":-2,"rotation":0,"texture":"#0"},"south":{"uv":[6.5,6.4375,7.6875,6.875],"tintindex":-2,"rotation":0,"texture":"#0"},"north":{"uv":[6.5,6.0,7.6875,6.4375],"tintindex":-2,"rotation":0,"texture":"#0"},"west":{"uv":[1.0625,8.9375,1.625,9.375],"tintindex":-2,"rotation":0,"texture":"#0"},"up":{"uv":[7.25,2.8125,6.0625,2.25],"tintindex":-2,"rotation":0,"texture":"#0"},"down":{"uv":[7.25,2.8125,6.0625,3.375],"tintindex":-2,"rotation":0,"texture":"#0"}}}],"display":{"gui":{"rotation":[30,225,0]}}}