{"textures":{"0":"modelengine:entity/gigas"},"elements":[{"from":[8.699465,5.7374153,6.0548096],"to":[12.699465,9.737415,10.05481],"faces":{"east":{"uv":[9.625,7.75,9.875,8.0],"tintindex":-2,"rotation":0,"texture":"#0"},"south":{"uv":[9.625,8.0,9.875,8.25],"tintindex":-2,"rotation":0,"texture":"#0"},"north":{"uv":[9.625,6.5,9.875,6.75],"tintindex":-2,"rotation":0,"texture":"#0"},"west":{"uv":[9.6875,3.1875,9.9375,3.4375],"tintindex":-2,"rotation":0,"texture":"#0"},"up":{"uv":[3.5,9.9375,3.25,9.6875],"tintindex":-2,"rotation":0,"texture":"#0"},"down":{"uv":[9.9375,3.4375,9.6875,3.6875],"tintindex":-2,"rotation":0,"texture":"#0"}},"rotation":{"origin":[9.79402,8.032814,7.75],"angle":-45.0,"axis":"x"}},{"from":[27.387924,8.289469,5.22077],"to":[31.587923,11.289469,9.52077],"faces":{"east":{"uv":[8.75,3.0625,9.0,3.25],"tintindex":-2,"rotation":0,"texture":"#0"},"south":{"uv":[8.8125,2.0625,9.0625,2.25],"tintindex":-2,"rotation":0,"texture":"#0"},"north":{"uv":[3.75,8.25,4.0,8.4375],"tintindex":-2,"rotation":0,"texture":"#0"},"west":{"uv":[9.0,3.0625,9.25,3.25],"tintindex":-2,"rotation":0,"texture":"#0"},"up":{"uv":[3.75,8.8125,3.5,8.5625],"tintindex":-2,"rotation":0,"texture":"#0"},"down":{"uv":[0.75,8.6875,0.5,8.9375],"tintindex":-2,"rotation":0,"texture":"#0"}},"rotation":{"origin":[28.147573,9.782814,6.8609123],"angle":-45.0,"axis":"y"}},{"from":[12.699465,3.2894688,5.174411],"to":[28.699465,11.289469,11.174411],"faces":{"east":{"uv":[9.0625,3.625,9.4375,4.125],"tintindex":-2,"rotation":0,"texture":"#0"},"south":{"uv":[0.0,7.0,1.0,7.5],"tintindex":-2,"rotation":0,"texture":"#0"},"north":{"uv":[1.375,6.625,2.375,7.125],"tintindex":-2,"rotation":0,"texture":"#0"},"west":{"uv":[4.0,9.0625,4.375,9.5625],"tintindex":-2,"rotation":0,"texture":"#0"},"up":{"uv":[1.0,7.875,0.0,7.5],"tintindex":-2,"rotation":0,"texture":"#0"},"down":{"uv":[8.5,4.625,7.5,5.0],"tintindex":-2,"rotation":0,"texture":"#0"}}},{"from":[12.699465,11.289469,8.174411],"to":[29.699465,16.289469,8.174411],"faces":{"south":{"uv":[5.375,6.5625,6.4375,6.875],"tintindex":-2,"rotation":0,"texture":"#0"},"north":{"uv":[5.375,6.5625,6.4375,6.875],"tintindex":-2,"rotation":0,"texture":"#0"}}}],"display":{"gui":{"rotation":[30,225,0]}}}