{"textures":{"0":"modelengine:entity/gigas"},"elements":[{"from":[0.39650536,9.5,16.0],"to":[1.8965054,13.5,18.0],"faces":{"east":{"uv":[4.625,9.4375,4.375,9.9375],"tintindex":-2,"rotation":0,"texture":"#0"},"south":{"uv":[7.625,9.5625,7.4375,10.0625],"tintindex":-2,"rotation":0,"texture":"#0"},"north":{"uv":[5.25,1.75,5.0625,2.25],"tintindex":-2,"rotation":0,"texture":"#0"},"west":{"uv":[9.6875,3.5625,9.4375,4.0625],"tintindex":-2,"rotation":0,"texture":"#0"},"up":{"uv":[4.9375,9.125,5.125,8.875],"tintindex":-2,"rotation":0,"texture":"#0"},"down":{"uv":[2.875,9.625,3.0625,9.875],"tintindex":-2,"rotation":0,"texture":"#0"}}},{"from":[6.6982527,16.0,-3.2220325],"to":[6.6982527,18.0,18.777967],"faces":{"east":{"uv":[6.0625,1.75,8.8125,2.0],"tintindex":-2,"rotation":0,"texture":"#0"},"west":{"uv":[8.8125,1.75,6.0625,2.0],"tintindex":-2,"rotation":0,"texture":"#0"}}},{"from":[1.6982527,6.574025,9.663787],"to":[11.698253,10.074025,12.163787],"faces":{"east":{"uv":[4.9375,9.375,5.25,9.8125],"tintindex":-2,"rotation":0,"texture":"#0"},"south":{"uv":[6.25,5.0625,7.5,5.5],"tintindex":-2,"rotation":0,"texture":"#0"},"north":{"uv":[6.25,4.625,7.5,5.0625],"tintindex":-2,"rotation":0,"texture":"#0"},"west":{"uv":[5.25,9.375,5.5625,9.8125],"tintindex":-2,"rotation":0,"texture":"#0"},"up":{"uv":[4.25,7.625,3.0,7.3125],"tintindex":-2,"rotation":0,"texture":"#0"},"down":{"uv":[8.625,0.0,7.375,0.3125],"tintindex":-2,"rotation":0,"texture":"#0"}}},{"from":[11.5,9.5,16.0],"to":[13.0,13.5,18.0],"faces":{"east":{"uv":[9.4375,3.5625,9.6875,4.0625],"tintindex":-2,"rotation":0,"texture":"#0"},"south":{"uv":[7.4375,9.5625,7.625,10.0625],"tintindex":-2,"rotation":0,"texture":"#0"},"north":{"uv":[5.0625,1.75,5.25,2.25],"tintindex":-2,"rotation":0,"texture":"#0"},"west":{"uv":[4.375,9.4375,4.625,9.9375],"tintindex":-2,"rotation":0,"texture":"#0"},"up":{"uv":[5.125,9.125,4.9375,8.875],"tintindex":-2,"rotation":0,"texture":"#0"},"down":{"uv":[3.0625,9.625,2.875,9.875],"tintindex":-2,"rotation":0,"texture":"#0"}}},{"from":[1.6982527,9.979075,12.282129],"to":[11.698253,13.979075,20.78213],"faces":{"east":{"uv":[6.3125,0.0,7.375,0.5],"tintindex":-2,"rotation":0,"texture":"#0"},"south":{"uv":[5.25,6.0625,6.5,6.5625],"tintindex":-2,"rotation":0,"texture":"#0"},"north":{"uv":[4.0,6.0625,5.25,6.5625],"tintindex":-2,"rotation":0,"texture":"#0"},"west":{"uv":[6.5,5.5,7.5625,6.0],"tintindex":-2,"rotation":0,"texture":"#0"},"up":{"uv":[1.25,6.0625,0.0,5.0],"tintindex":-2,"rotation":0,"texture":"#0"},"down":{"uv":[2.5,5.0,1.25,6.0625],"tintindex":-2,"rotation":0,"texture":"#0"}},"rotation":{"origin":[5.6982527,7.9790754,20.78213],"angle":-22.5,"axis":"x"}},{"from":[-5.5573053,10.0,-3.3701115],"to":[8.442695,14.0,14.629889],"faces":{"east":{"uv":[6.25,5.0,4.0,5.5],"tintindex":-2,"rotation":0,"texture":"#0"},"south":{"uv":[6.8125,1.25,5.0625,1.75],"tintindex":-2,"rotation":0,"texture":"#0"},"north":{"uv":[6.8125,0.75,5.0625,1.25],"tintindex":-2,"rotation":0,"texture":"#0"},"west":{"uv":[7.25,3.75,5.0,4.25],"tintindex":-2,"rotation":0,"texture":"#0"},"up":{"uv":[0.0,2.25,1.75,0.0],"tintindex":-2,"rotation":0,"texture":"#0"},"down":{"uv":[1.75,0.0,3.5,2.25],"tintindex":-2,"rotation":0,"texture":"#0"}},"rotation":{"origin":[6.4426947,10.0,8.629889],"angle":22.5,"axis":"y"}},{"from":[0.6982527,7.0,1.2779675],"to":[13.198253,10.0,9.777967],"faces":{"east":{"uv":[7.25,2.25,8.3125,2.625],"tintindex":-2,"rotation":0,"texture":"#0"},"south":{"uv":[6.25,4.25,7.8125,4.625],"tintindex":-2,"rotation":0,"texture":"#0"},"north":{"uv":[6.0625,3.375,7.625,3.75],"tintindex":-2,"rotation":0,"texture":"#0"},"west":{"uv":[7.25,2.625,8.3125,3.0],"tintindex":-2,"rotation":0,"texture":"#0"},"up":{"uv":[5.0625,1.0625,3.5,0.0],"tintindex":-2,"rotation":0,"texture":"#0"},"down":{"uv":[5.0625,1.0625,3.5,2.125],"tintindex":-2,"rotation":0,"texture":"#0"}}},{"from":[6.9538107,8.0,0.62988853],"to":[12.953811,10.0,13.129889],"faces":{"east":{"uv":[5.375,7.25,6.9375,7.5],"tintindex":-2,"rotation":0,"texture":"#0"},"south":{"uv":[3.25,9.0625,4.0,9.3125],"tintindex":-2,"rotation":0,"texture":"#0"},"north":{"uv":[9.0,4.125,9.75,4.375],"tintindex":-2,"rotation":0,"texture":"#0"},"west":{"uv":[6.9375,7.25,8.5,7.5],"tintindex":-2,"rotation":0,"texture":"#0"},"up":{"uv":[3.25,6.5625,2.5,5.0],"tintindex":-2,"rotation":0,"texture":"#0"},"down":{"uv":[4.0,5.0,3.25,6.5625],"tintindex":-2,"rotation":0,"texture":"#0"}},"rotation":{"origin":[8.95381,6.0,10.629889],"angle":-22.5,"axis":"y"}},{"from":[9.698253,12.0,-3.7220325],"to":[14.698253,13.5,-2.2220325],"faces":{"east":{"uv":[3.25,9.9375,3.4375,10.125],"tintindex":-2,"rotation":0,"texture":"#0"},"south":{"uv":[9.5,4.375,10.125,4.5625],"tintindex":-2,"rotation":0,"texture":"#0"},"north":{"uv":[8.1875,1.5625,8.8125,1.75],"tintindex":-2,"rotation":0,"texture":"#0"},"west":{"uv":[9.9375,3.3125,10.125,3.5],"tintindex":-2,"rotation":0,"texture":"#0"},"up":{"uv":[10.125,4.75,9.5,4.5625],"tintindex":-2,"rotation":0,"texture":"#0"},"down":{"uv":[10.125,6.8125,9.5,7.0],"tintindex":-2,"rotation":0,"texture":"#0"}}},{"from":[4.9538107,10.0,-3.3701115],"to":[18.953812,14.0,14.629889],"faces":{"east":{"uv":[5.0,3.75,7.25,4.25],"tintindex":-2,"rotation":0,"texture":"#0"},"south":{"uv":[5.0625,1.25,6.8125,1.75],"tintindex":-2,"rotation":0,"texture":"#0"},"north":{"uv":[5.0625,0.75,6.8125,1.25],"tintindex":-2,"rotation":0,"texture":"#0"},"west":{"uv":[4.0,5.0,6.25,5.5],"tintindex":-2,"rotation":0,"texture":"#0"},"up":{"uv":[1.75,2.25,0.0,0.0],"tintindex":-2,"rotation":0,"texture":"#0"},"down":{"uv":[3.5,0.0,1.75,2.25],"tintindex":-2,"rotation":0,"texture":"#0"}},"rotation":{"origin":[6.9538107,10.0,8.629889],"angle":-22.5,"axis":"y"}},{"from":[1.6982527,9.749673,-0.8711519],"to":[11.698253,14.249673,9.128848],"faces":{"east":{"uv":[5.25,5.5,6.5,6.0625],"tintindex":-2,"rotation":0,"texture":"#0"},"south":{"uv":[0.0,6.0625,1.25,6.625],"tintindex":-2,"rotation":0,"texture":"#0"},"north":{"uv":[4.0,5.5,5.25,6.0625],"tintindex":-2,"rotation":0,"texture":"#0"},"west":{"uv":[1.25,6.0625,2.5,6.625],"tintindex":-2,"rotation":0,"texture":"#0"},"up":{"uv":[3.75,5.0,2.5,3.75],"tintindex":-2,"rotation":0,"texture":"#0"},"down":{"uv":[5.0,3.75,3.75,5.0],"tintindex":-2,"rotation":0,"texture":"#0"}},"rotation":{"origin":[5.6982527,8.249673,9.128848],"angle":-22.5,"axis":"x"}},{"from":[1.6982527,10.0,-3.2220325],"to":[11.698253,16.0,18.777967],"faces":{"east":{"uv":[2.5,2.25,5.25,3.0],"tintindex":-2,"rotation":0,"texture":"#0"},"south":{"uv":[5.0625,0.0,6.3125,0.75],"tintindex":-2,"rotation":0,"texture":"#0"},"north":{"uv":[5.0,4.25,6.25,5.0],"tintindex":-2,"rotation":0,"texture":"#0"},"west":{"uv":[2.5,3.0,5.25,3.75],"tintindex":-2,"rotation":0,"texture":"#0"},"up":{"uv":[1.25,5.0,0.0,2.25],"tintindex":-2,"rotation":0,"texture":"#0"},"down":{"uv":[2.5,2.25,1.25,5.0],"tintindex":-2,"rotation":0,"texture":"#0"}}},{"from":[-1.3017473,12.0,-3.7220325],"to":[3.6982527,13.5,-2.2220325],"faces":{"east":{"uv":[10.125,3.3125,9.9375,3.5],"tintindex":-2,"rotation":0,"texture":"#0"},"south":{"uv":[10.125,4.375,9.5,4.5625],"tintindex":-2,"rotation":0,"texture":"#0"},"north":{"uv":[8.8125,1.5625,8.1875,1.75],"tintindex":-2,"rotation":0,"texture":"#0"},"west":{"uv":[3.4375,9.9375,3.25,10.125],"tintindex":-2,"rotation":0,"texture":"#0"},"up":{"uv":[9.5,4.75,10.125,4.5625],"tintindex":-2,"rotation":0,"texture":"#0"},"down":{"uv":[9.5,6.8125,10.125,7.0],"tintindex":-2,"rotation":0,"texture":"#0"}}}],"display":{"gui":{"rotation":[30,225,0]}}}