{"textures":{"0":"modelengine:entity/gigas"},"elements":[{"from":[-12.648396,11.730057,7.9969654],"to":[9.351604,15.730057,7.9969654],"faces":{"south":{"uv":[9.5625,1.3125,8.1875,1.5625],"tintindex":-2,"rotation":0,"texture":"#0"},"north":{"uv":[9.5625,1.3125,8.1875,1.5625],"tintindex":-2,"rotation":0,"texture":"#0"}}},{"from":[-12.648396,4.2562404,5.0467834],"to":[9.351604,8.506241,9.296783],"faces":{"east":{"uv":[0.5,9.75,0.25,10.0],"tintindex":-2,"rotation":0,"texture":"#0"},"south":{"uv":[1.375,8.0,0.0,8.25],"tintindex":-2,"rotation":0,"texture":"#0"},"north":{"uv":[9.125,7.875,7.75,8.125],"tintindex":-2,"rotation":0,"texture":"#0"},"west":{"uv":[9.9375,9.5,9.6875,9.75],"tintindex":-2,"rotation":0,"texture":"#0"},"up":{"uv":[1.375,8.25,2.75,8.0],"tintindex":-2,"rotation":0,"texture":"#0"},"down":{"uv":[2.75,8.0,4.125,8.25],"tintindex":-2,"rotation":0,"texture":"#0"}},"rotation":{"origin":[2.0499992,5.0532846,6.800929],"angle":45.0,"axis":"x"}},{"from":[-12.648396,5.7300572,4.996966],"to":[9.351604,11.730057,10.996965],"faces":{"east":{"uv":[2.0,9.25,1.625,9.625],"tintindex":-2,"rotation":0,"texture":"#0"},"south":{"uv":[1.375,6.625,0.0,7.0],"tintindex":-2,"rotation":0,"texture":"#0"},"north":{"uv":[5.375,6.5625,4.0,6.9375],"tintindex":-2,"rotation":0,"texture":"#0"},"west":{"uv":[9.5625,8.375,9.1875,8.75],"tintindex":-2,"rotation":0,"texture":"#0"},"up":{"uv":[6.8125,0.875,8.1875,0.5],"tintindex":-2,"rotation":0,"texture":"#0"},"down":{"uv":[6.8125,0.875,8.1875,1.25],"tintindex":-2,"rotation":0,"texture":"#0"}}}],"display":{"gui":{"rotation":[30,225,0]}}}