{"textures":{"0":"modelengine:entity/gigas"},"elements":[{"from":[5.1523,7.115967,14.517647],"to":[8.1523,9.115967,18.517647],"faces":{"east":{"uv":[7.6875,8.875,7.4375,9.0],"tintindex":-2,"rotation":0,"texture":"#0"},"south":{"uv":[9.75,1.4375,9.5625,1.5625],"tintindex":-2,"rotation":0,"texture":"#0"},"north":{"uv":[9.625,5.625,9.4375,5.75],"tintindex":-2,"rotation":0,"texture":"#0"},"west":{"uv":[6.5625,8.5,6.3125,8.625],"tintindex":-2,"rotation":0,"texture":"#0"},"up":{"uv":[5.375,10.0625,5.5625,9.8125],"tintindex":-2,"rotation":0,"texture":"#0"},"down":{"uv":[2.875,9.875,3.0625,10.125],"tintindex":-2,"rotation":0,"texture":"#0"}}},{"from":[4.1523,6.115967,6.517645],"to":[11.1523,10.115967,15.517647],"faces":{"east":{"uv":[9.8125,5.375,9.25,5.625],"tintindex":-2,"rotation":0,"texture":"#0"},"south":{"uv":[10.0,0.5,9.5625,0.75],"tintindex":-2,"rotation":0,"texture":"#0"},"north":{"uv":[10.0,0.25,9.5625,0.5],"tintindex":-2,"rotation":0,"texture":"#0"},"west":{"uv":[9.8125,2.9375,9.25,3.1875],"tintindex":-2,"rotation":0,"texture":"#0"},"up":{"uv":[4.5,9.4375,4.9375,8.875],"tintindex":-2,"rotation":0,"texture":"#0"},"down":{"uv":[7.0,8.875,7.4375,9.4375],"tintindex":-2,"rotation":0,"texture":"#0"}}}],"display":{"gui":{"rotation":[30,225,0]}}}