{"textures":{"0":"modelengine:entity/gigas"},"elements":[{"from":[5.038536,6.2662582,7.931492],"to":[9.038536,10.266258,14.931492],"faces":{"east":{"uv":[10.0,1.0,9.5625,1.25],"tintindex":-2,"rotation":0,"texture":"#0"},"south":{"uv":[1.0,9.75,0.75,10.0],"tintindex":-2,"rotation":0,"texture":"#0"},"north":{"uv":[0.75,9.75,0.5,10.0],"tintindex":-2,"rotation":0,"texture":"#0"},"west":{"uv":[10.0,0.75,9.5625,1.0],"tintindex":-2,"rotation":0,"texture":"#0"},"up":{"uv":[0.0,10.0,0.25,9.5625],"tintindex":-2,"rotation":0,"texture":"#0"},"down":{"uv":[4.0,9.5625,4.25,10.0],"tintindex":-2,"rotation":0,"texture":"#0"}}},{"from":[-5.961464,7.2662582,13.931492],"to":[11.038536,9.266258,19.931492],"faces":{"east":{"uv":[0.9375,7.875,0.5625,8.0],"tintindex":-2,"rotation":0,"texture":"#0"},"south":{"uv":[7.875,1.625,6.8125,1.75],"tintindex":-2,"rotation":0,"texture":"#0"},"north":{"uv":[4.5625,2.125,3.5,2.25],"tintindex":-2,"rotation":0,"texture":"#0"},"west":{"uv":[2.375,7.125,2.0,7.25],"tintindex":-2,"rotation":0,"texture":"#0"},"up":{"uv":[7.25,3.375,8.3125,3.0],"tintindex":-2,"rotation":0,"texture":"#0"},"down":{"uv":[7.25,3.75,8.3125,4.125],"tintindex":-2,"rotation":0,"texture":"#0"}}}],"display":{"gui":{"rotation":[30,225,0]}}}