{"textures":{"0":"modelengine:entity/gigas"},"elements":[{"from":[-9.149166,1.4380822,6.982682],"to":[-7.149167,3.4380822,8.982682],"faces":{"east":{"uv":[9.9375,7.4375,9.6875,7.6875],"tintindex":-2,"rotation":0,"texture":"#0"},"south":{"uv":[7.3125,9.6875,7.0625,9.9375],"tintindex":-2,"rotation":0,"texture":"#0"},"north":{"uv":[6.8125,9.6875,6.5625,9.9375],"tintindex":-2,"rotation":0,"texture":"#0"},"west":{"uv":[7.0625,9.6875,6.8125,9.9375],"tintindex":-2,"rotation":0,"texture":"#0"},"up":{"uv":[8.125,9.9375,8.375,9.6875],"tintindex":-2,"rotation":0,"texture":"#0"},"down":{"uv":[8.375,9.6875,8.625,9.9375],"tintindex":-2,"rotation":0,"texture":"#0"}}},{"from":[1.793747,2.2249537,6.982682],"to":[9.793747,4.7249537,8.982682],"faces":{"east":{"uv":[9.8125,8.375,9.5625,8.6875],"tintindex":-2,"rotation":0,"texture":"#0"},"south":{"uv":[2.75,8.25,1.75,8.5625],"tintindex":-2,"rotation":0,"texture":"#0"},"north":{"uv":[1.75,8.25,0.75,8.5625],"tintindex":-2,"rotation":0,"texture":"#0"},"west":{"uv":[8.125,9.5625,7.875,9.875],"tintindex":-2,"rotation":0,"texture":"#0"},"up":{"uv":[8.6875,6.25,9.6875,6.0],"tintindex":-2,"rotation":0,"texture":"#0"},"down":{"uv":[8.6875,6.25,9.6875,6.5],"tintindex":-2,"rotation":0,"texture":"#0"}},"rotation":{"origin":[3.272128,3.1075354,7.896868],"angle":45.0,"axis":"z"}},{"from":[-7.149167,0.4661975,6.904235],"to":[0.8508339,2.5911975,9.029235],"faces":{"east":{"uv":[6.5625,9.6875,6.3125,9.9375],"tintindex":-2,"rotation":0,"texture":"#0"},"south":{"uv":[9.625,0.0,8.625,0.25],"tintindex":-2,"rotation":0,"texture":"#0"},"north":{"uv":[3.0,7.75,2.0,8.0],"tintindex":-2,"rotation":0,"texture":"#0"},"west":{"uv":[9.9375,6.125,9.6875,6.375],"tintindex":-2,"rotation":0,"texture":"#0"},"up":{"uv":[6.0,8.875,7.0,8.625],"tintindex":-2,"rotation":0,"texture":"#0"},"down":{"uv":[8.6875,5.75,9.6875,6.0],"tintindex":-2,"rotation":0,"texture":"#0"}},"rotation":{"origin":[-2.727872,1.210999,7.263074],"angle":45.0,"axis":"x"}},{"from":[0.8508339,1.4380822,6.982682],"to":[2.850834,3.4380822,8.982682],"faces":{"east":{"uv":[6.0625,9.6875,5.8125,9.9375],"tintindex":-2,"rotation":0,"texture":"#0"},"south":{"uv":[9.9375,5.625,9.6875,5.875],"tintindex":-2,"rotation":0,"texture":"#0"},"north":{"uv":[4.0,9.6875,3.75,9.9375],"tintindex":-2,"rotation":0,"texture":"#0"},"west":{"uv":[5.8125,9.6875,5.5625,9.9375],"tintindex":-2,"rotation":0,"texture":"#0"},"up":{"uv":[9.6875,6.125,9.9375,5.875],"tintindex":-2,"rotation":0,"texture":"#0"},"down":{"uv":[6.0625,9.6875,6.3125,9.9375],"tintindex":-2,"rotation":0,"texture":"#0"}}},{"from":[-7.149167,0.9380822,6.482682],"to":[0.8508339,3.9380822,9.482682],"faces":{"east":{"uv":[9.5625,7.0625,9.1875,7.4375],"tintindex":-2,"rotation":0,"texture":"#0"},"south":{"uv":[6.375,7.5,5.375,7.875],"tintindex":-2,"rotation":0,"texture":"#0"},"north":{"uv":[8.5,5.0,7.5,5.375],"tintindex":-2,"rotation":0,"texture":"#0"},"west":{"uv":[0.375,9.1875,0.0,9.5625],"tintindex":-2,"rotation":0,"texture":"#0"},"up":{"uv":[6.375,7.875,7.375,7.5],"tintindex":-2,"rotation":0,"texture":"#0"},"down":{"uv":[7.375,7.5,8.375,7.875],"tintindex":-2,"rotation":0,"texture":"#0"}}}],"display":{"gui":{"rotation":[30,225,0]}}}