{"textures":{"0":"modelengine:entity/gigas"},"elements":[{"from":[2.0585709,5.193968,7.724163],"to":[9.058571,10.193968,15.724163],"faces":{"east":{"uv":[9.625,8.0625,9.125,8.375],"tintindex":-2,"rotation":0,"texture":"#0"},"south":{"uv":[6.4375,9.375,6.0,9.6875],"tintindex":-2,"rotation":0,"texture":"#0"},"north":{"uv":[6.0,9.375,5.5625,9.6875],"tintindex":-2,"rotation":0,"texture":"#0"},"west":{"uv":[9.625,7.75,9.125,8.0625],"tintindex":-2,"rotation":0,"texture":"#0"},"up":{"uv":[2.375,9.4375,2.8125,8.9375],"tintindex":-2,"rotation":0,"texture":"#0"},"down":{"uv":[2.8125,8.9375,3.25,9.4375],"tintindex":-2,"rotation":0,"texture":"#0"}}},{"from":[1.0585709,6.193968,12.724163],"to":[10.058571,9.193968,23.724163],"faces":{"east":{"uv":[3.0625,9.4375,2.375,9.625],"tintindex":-2,"rotation":0,"texture":"#0"},"south":{"uv":[10.125,7.0,9.5625,7.1875],"tintindex":-2,"rotation":0,"texture":"#0"},"north":{"uv":[10.125,1.25,9.5625,1.4375],"tintindex":-2,"rotation":0,"texture":"#0"},"west":{"uv":[8.5,4.4375,7.8125,4.625],"tintindex":-2,"rotation":0,"texture":"#0"},"up":{"uv":[4.25,8.0,4.8125,7.3125],"tintindex":-2,"rotation":0,"texture":"#0"},"down":{"uv":[4.8125,7.3125,5.375,8.0],"tintindex":-2,"rotation":0,"texture":"#0"}}},{"from":[1.0585709,7.193968,12.724163],"to":[14.05857,7.193968,28.724163],"faces":{"up":{"uv":[5.25,2.75,6.0625,1.75],"tintindex":-2,"rotation":0,"texture":"#0"},"down":{"uv":[5.25,1.75,6.0625,2.75],"tintindex":-2,"rotation":0,"texture":"#0"}}}],"display":{"gui":{"rotation":[30,225,0]}}}