{"textures":{"0":"modelengine:entity/gigas"},"elements":[{"from":[-13.238905,11.109507,7.101471],"to":[3.761095,15.109507,7.101471],"faces":{"south":{"uv":[8.5,4.875,9.5625,5.125],"tintindex":-2,"rotation":0,"texture":"#0"},"north":{"uv":[8.5,4.875,9.5625,5.125],"tintindex":-2,"rotation":0,"texture":"#0"}}},{"from":[-12.238905,3.1095066,4.101471],"to":[3.761095,11.109507,10.101471],"faces":{"east":{"uv":[9.0625,9.0,9.4375,9.5],"tintindex":-2,"rotation":0,"texture":"#0"},"south":{"uv":[2.0,7.25,3.0,7.75],"tintindex":-2,"rotation":0,"texture":"#0"},"north":{"uv":[1.0,7.125,2.0,7.625],"tintindex":-2,"rotation":0,"texture":"#0"},"west":{"uv":[9.125,4.375,9.5,4.875],"tintindex":-2,"rotation":0,"texture":"#0"},"up":{"uv":[8.5625,5.75,7.5625,5.375],"tintindex":-2,"rotation":0,"texture":"#0"},"down":{"uv":[2.0,7.625,1.0,8.0],"tintindex":-2,"rotation":0,"texture":"#0"}}},{"from":[3.761095,6.368847,5.168874],"to":[7.761095,10.368847,9.168875],"faces":{"east":{"uv":[1.25,9.75,1.5,10.0],"tintindex":-2,"rotation":0,"texture":"#0"},"south":{"uv":[9.75,3.9375,10.0,4.1875],"tintindex":-2,"rotation":0,"texture":"#0"},"north":{"uv":[1.0,9.75,1.25,10.0],"tintindex":-2,"rotation":0,"texture":"#0"},"west":{"uv":[9.75,4.75,10.0,5.0],"tintindex":-2,"rotation":0,"texture":"#0"},"up":{"uv":[10.0,5.25,9.75,5.0],"tintindex":-2,"rotation":0,"texture":"#0"},"down":{"uv":[10.0,8.6875,9.75,8.9375],"tintindex":-2,"rotation":0,"texture":"#0"}},"rotation":{"origin":[6.2059803,8.032814,7.75],"angle":-45.0,"axis":"x"}},{"from":[-14.503576,8.109507,4.787752],"to":[-10.3035755,11.109507,9.087752],"faces":{"east":{"uv":[9.75,4.1875,10.0,4.375],"tintindex":-2,"rotation":0,"texture":"#0"},"south":{"uv":[9.8125,8.5,10.0625,8.6875],"tintindex":-2,"rotation":0,"texture":"#0"},"north":{"uv":[9.0625,2.0625,9.3125,2.25],"tintindex":-2,"rotation":0,"texture":"#0"},"west":{"uv":[9.875,6.625,10.125,6.8125],"tintindex":-2,"rotation":0,"texture":"#0"},"up":{"uv":[9.9375,10.0,9.6875,9.75],"tintindex":-2,"rotation":0,"texture":"#0"},"down":{"uv":[10.0625,1.4375,9.8125,1.6875],"tintindex":-2,"rotation":0,"texture":"#0"}},"rotation":{"origin":[-12.147573,9.782814,6.8609123],"angle":45.0,"axis":"y"}}],"display":{"gui":{"rotation":[30,225,0]}}}