{"textures":{"0":"modelengine:entity/gigas"},"elements":[{"from":[1.3241434,5.5703325,7.4257207],"to":[5.3241434,9.570332,9.425721],"faces":{"east":{"uv":[4.625,9.4375,4.875,9.9375],"tintindex":-2,"rotation":0,"texture":"#0"},"south":{"uv":[8.75,2.5625,9.25,3.0625],"tintindex":-2,"rotation":0,"texture":"#0"},"north":{"uv":[0.0,8.6875,0.5,9.1875],"tintindex":-2,"rotation":0,"texture":"#0"},"west":{"uv":[8.6875,9.4375,8.9375,9.9375],"tintindex":-2,"rotation":0,"texture":"#0"},"up":{"uv":[9.9375,9.25,9.4375,9.0],"tintindex":-2,"rotation":0,"texture":"#0"},"down":{"uv":[9.9375,9.25,9.4375,9.5],"tintindex":-2,"rotation":0,"texture":"#0"}}},{"from":[5.2847357,6.8832736,7.2847714],"to":[7.2847347,8.883274,9.284771],"faces":{"east":{"uv":[9.8125,2.5625,10.0625,2.8125],"tintindex":-2,"rotation":0,"texture":"#0"},"south":{"uv":[9.8125,2.8125,10.0625,3.0625],"tintindex":-2,"rotation":0,"texture":"#0"},"north":{"uv":[9.8125,1.6875,10.0625,1.9375],"tintindex":-2,"rotation":0,"texture":"#0"},"west":{"uv":[4.875,9.8125,5.125,10.0625],"tintindex":-2,"rotation":0,"texture":"#0"},"up":{"uv":[5.375,10.0625,5.125,9.8125],"tintindex":-2,"rotation":0,"texture":"#0"},"down":{"uv":[10.0625,5.25,9.8125,5.5],"tintindex":-2,"rotation":0,"texture":"#0"}},"rotation":{"origin":[6.60299,8.016407,8.25],"angle":-45.0,"axis":"x"}},{"from":[-4.180152,7.0839195,7.6753144],"to":[1.8198481,10.08392,9.175314],"faces":{"east":{"uv":[9.625,2.5625,9.8125,2.9375],"tintindex":-2,"rotation":0,"texture":"#0"},"south":{"uv":[3.75,8.4375,4.5,8.8125],"tintindex":-2,"rotation":0,"texture":"#0"},"north":{"uv":[7.75,8.375,8.5,8.75],"tintindex":-2,"rotation":0,"texture":"#0"},"west":{"uv":[2.6875,9.625,2.875,10.0],"tintindex":-2,"rotation":0,"texture":"#0"},"up":{"uv":[8.125,0.5,7.375,0.3125],"tintindex":-2,"rotation":0,"texture":"#0"},"down":{"uv":[4.875,8.0,4.125,8.1875],"tintindex":-2,"rotation":0,"texture":"#0"}}}],"display":{"gui":{"rotation":[30,225,0]}}}