{"textures":{"0":"modelengine:entity/gigas"},"elements":[{"from":[-0.8276558,6.7443495,6.850629],"to":[8.172344,10.7443495,8.850629],"faces":{"east":{"uv":[7.5625,5.75,7.6875,6.0],"tintindex":-2,"rotation":0,"texture":"#0"},"south":{"uv":[9.3125,2.3125,9.875,2.5625],"tintindex":-2,"rotation":0,"texture":"#0"},"north":{"uv":[9.3125,2.0625,9.875,2.3125],"tintindex":-2,"rotation":0,"texture":"#0"},"west":{"uv":[4.375,9.0625,4.5,9.3125],"tintindex":-2,"rotation":0,"texture":"#0"},"up":{"uv":[7.8125,4.25,7.25,4.125],"tintindex":-2,"rotation":0,"texture":"#0"},"down":{"uv":[0.5625,7.875,0.0,8.0],"tintindex":-2,"rotation":0,"texture":"#0"}}}],"display":{"gui":{"rotation":[30,225,0]}}}