{"textures":{"0":"modelengine:entity/gigas"},"elements":[{"from":[5.9659257,-1.3251448,3.3091793],"to":[11.965925,7.674856,6.3091793],"faces":{"east":{"uv":[3.0625,9.4375,3.25,10.0],"tintindex":-2,"rotation":0,"texture":"#0"},"south":{"uv":[7.8125,9.0,8.1875,9.5625],"tintindex":-2,"rotation":0,"texture":"#0"},"north":{"uv":[7.4375,9.0,7.8125,9.5625],"tintindex":-2,"rotation":0,"texture":"#0"},"west":{"uv":[9.5625,4.75,9.75,5.3125],"tintindex":-2,"rotation":0,"texture":"#0"},"up":{"uv":[5.25,8.1875,4.875,8.0],"tintindex":-2,"rotation":0,"texture":"#0"},"down":{"uv":[8.5,7.0625,8.125,7.25],"tintindex":-2,"rotation":0,"texture":"#0"}},"rotation":{"origin":[8.0,3.0,3.0],"angle":-22.5,"axis":"x"}},{"from":[7.965926,6.585371,4.2682934],"to":[10.965925,8.585371,10.268292],"faces":{"east":{"uv":[4.5625,2.125,4.9375,2.25],"tintindex":-2,"rotation":0,"texture":"#0"},"south":{"uv":[9.25,5.625,9.4375,5.75],"tintindex":-2,"rotation":0,"texture":"#0"},"north":{"uv":[3.25,8.9375,3.4375,9.0625],"tintindex":-2,"rotation":0,"texture":"#0"},"west":{"uv":[1.0,7.0,1.375,7.125],"tintindex":-2,"rotation":0,"texture":"#0"},"up":{"uv":[2.5,10.0,2.3125,9.625],"tintindex":-2,"rotation":0,"texture":"#0"},"down":{"uv":[2.6875,9.625,2.5,10.0],"tintindex":-2,"rotation":0,"texture":"#0"}}}],"display":{"gui":{"rotation":[30,225,0]}}}