{"textures":{"0":"modelengine:entity/gigas"},"elements":[{"from":[4.8477,6.115967,6.517645],"to":[11.8477,10.115967,15.517647],"faces":{"east":{"uv":[9.25,2.9375,9.8125,3.1875],"tintindex":-2,"rotation":0,"texture":"#0"},"south":{"uv":[9.5625,0.5,10.0,0.75],"tintindex":-2,"rotation":0,"texture":"#0"},"north":{"uv":[9.5625,0.25,10.0,0.5],"tintindex":-2,"rotation":0,"texture":"#0"},"west":{"uv":[9.25,5.375,9.8125,5.625],"tintindex":-2,"rotation":0,"texture":"#0"},"up":{"uv":[4.9375,9.4375,4.5,8.875],"tintindex":-2,"rotation":0,"texture":"#0"},"down":{"uv":[7.4375,8.875,7.0,9.4375],"tintindex":-2,"rotation":0,"texture":"#0"}}},{"from":[7.8477,7.115967,14.517647],"to":[10.8477,9.115967,18.517647],"faces":{"east":{"uv":[6.3125,8.5,6.5625,8.625],"tintindex":-2,"rotation":0,"texture":"#0"},"south":{"uv":[9.5625,1.4375,9.75,1.5625],"tintindex":-2,"rotation":0,"texture":"#0"},"north":{"uv":[9.4375,5.625,9.625,5.75],"tintindex":-2,"rotation":0,"texture":"#0"},"west":{"uv":[7.4375,8.875,7.6875,9.0],"tintindex":-2,"rotation":0,"texture":"#0"},"up":{"uv":[5.5625,10.0625,5.375,9.8125],"tintindex":-2,"rotation":0,"texture":"#0"},"down":{"uv":[3.0625,9.875,2.875,10.125],"tintindex":-2,"rotation":0,"texture":"#0"}}}],"display":{"gui":{"rotation":[30,225,0]}}}