{"textures":{"0":"modelengine:entity/gigas"},"elements":[{"from":[6.6483955,4.2562404,5.0467834],"to":[28.648396,8.506241,9.296783],"faces":{"east":{"uv":[9.6875,9.5,9.9375,9.75],"tintindex":-2,"rotation":0,"texture":"#0"},"south":{"uv":[0.0,8.0,1.375,8.25],"tintindex":-2,"rotation":0,"texture":"#0"},"north":{"uv":[7.75,7.875,9.125,8.125],"tintindex":-2,"rotation":0,"texture":"#0"},"west":{"uv":[0.25,9.75,0.5,10.0],"tintindex":-2,"rotation":0,"texture":"#0"},"up":{"uv":[2.75,8.25,1.375,8.0],"tintindex":-2,"rotation":0,"texture":"#0"},"down":{"uv":[4.125,8.0,2.75,8.25],"tintindex":-2,"rotation":0,"texture":"#0"}},"rotation":{"origin":[13.950001,5.0532846,6.800929],"angle":45.0,"axis":"x"}},{"from":[6.6483955,11.730057,7.9969654],"to":[28.648396,15.730057,7.9969654],"faces":{"south":{"uv":[8.1875,1.3125,9.5625,1.5625],"tintindex":-2,"rotation":0,"texture":"#0"},"north":{"uv":[8.1875,1.3125,9.5625,1.5625],"tintindex":-2,"rotation":0,"texture":"#0"}}},{"from":[6.6483955,5.7300572,4.996966],"to":[28.648396,11.730057,10.996965],"faces":{"east":{"uv":[9.1875,8.375,9.5625,8.75],"tintindex":-2,"rotation":0,"texture":"#0"},"south":{"uv":[0.0,6.625,1.375,7.0],"tintindex":-2,"rotation":0,"texture":"#0"},"north":{"uv":[4.0,6.5625,5.375,6.9375],"tintindex":-2,"rotation":0,"texture":"#0"},"west":{"uv":[1.625,9.25,2.0,9.625],"tintindex":-2,"rotation":0,"texture":"#0"},"up":{"uv":[8.1875,0.875,6.8125,0.5],"tintindex":-2,"rotation":0,"texture":"#0"},"down":{"uv":[8.1875,0.875,6.8125,1.25],"tintindex":-2,"rotation":0,"texture":"#0"}}}],"display":{"gui":{"rotation":[30,225,0]}}}