{"textures":{"0":"modelengine:entity/gigas"},"elements":[{"from":[19.832,8.940561,6.9284477],"to":[24.832,12.940561,8.928448],"faces":{"east":{"uv":[2.375,6.625,2.5,6.875],"tintindex":-2,"rotation":0,"texture":"#0"},"south":{"uv":[9.5625,7.1875,9.875,7.4375],"tintindex":-2,"rotation":0,"texture":"#0"},"north":{"uv":[7.0,8.625,7.3125,8.875],"tintindex":-2,"rotation":0,"texture":"#0"},"west":{"uv":[2.375,6.875,2.5,7.125],"tintindex":-2,"rotation":0,"texture":"#0"},"up":{"uv":[8.1875,1.75,7.875,1.625],"tintindex":-2,"rotation":0,"texture":"#0"},"down":{"uv":[8.625,3.25,8.3125,3.375],"tintindex":-2,"rotation":0,"texture":"#0"}},"rotation":{"origin":[16.0,8.0,8.0],"angle":-45.0,"axis":"z"}},{"from":[11.3998375,5.430317,4.9284477],"to":[22.399841,11.430317,10.928448],"faces":{"east":{"uv":[2.0,9.25,2.375,9.625],"tintindex":-2,"rotation":0,"texture":"#0"},"south":{"uv":[8.5,8.375,9.1875,8.75],"tintindex":-2,"rotation":0,"texture":"#0"},"north":{"uv":[8.5,7.0625,9.1875,7.4375],"tintindex":-2,"rotation":0,"texture":"#0"},"west":{"uv":[9.25,2.5625,9.625,2.9375],"tintindex":-2,"rotation":0,"texture":"#0"},"up":{"uv":[1.4375,8.9375,0.75,8.5625],"tintindex":-2,"rotation":0,"texture":"#0"},"down":{"uv":[2.125,8.5625,1.4375,8.9375],"tintindex":-2,"rotation":0,"texture":"#0"}}}],"display":{"gui":{"rotation":[30,225,0]}}}