{"textures":{"0":"modelengine:entity/gigas"},"elements":[{"from":[5.941429,6.193968,12.724163],"to":[14.941429,9.193968,23.724163],"faces":{"east":{"uv":[7.8125,4.4375,8.5,4.625],"tintindex":-2,"rotation":0,"texture":"#0"},"south":{"uv":[9.5625,7.0,10.125,7.1875],"tintindex":-2,"rotation":0,"texture":"#0"},"north":{"uv":[9.5625,1.25,10.125,1.4375],"tintindex":-2,"rotation":0,"texture":"#0"},"west":{"uv":[2.375,9.4375,3.0625,9.625],"tintindex":-2,"rotation":0,"texture":"#0"},"up":{"uv":[4.8125,8.0,4.25,7.3125],"tintindex":-2,"rotation":0,"texture":"#0"},"down":{"uv":[5.375,7.3125,4.8125,8.0],"tintindex":-2,"rotation":0,"texture":"#0"}}},{"from":[1.9414301,7.193968,12.724163],"to":[14.941429,7.193968,28.724163],"faces":{"up":{"uv":[6.0625,2.75,5.25,1.75],"tintindex":-2,"rotation":0,"texture":"#0"},"down":{"uv":[6.0625,1.75,5.25,2.75],"tintindex":-2,"rotation":0,"texture":"#0"}}},{"from":[6.941429,5.193968,7.724163],"to":[13.941429,10.193968,15.724163],"faces":{"east":{"uv":[9.125,7.75,9.625,8.0625],"tintindex":-2,"rotation":0,"texture":"#0"},"south":{"uv":[6.0,9.375,6.4375,9.6875],"tintindex":-2,"rotation":0,"texture":"#0"},"north":{"uv":[5.5625,9.375,6.0,9.6875],"tintindex":-2,"rotation":0,"texture":"#0"},"west":{"uv":[9.125,8.0625,9.625,8.375],"tintindex":-2,"rotation":0,"texture":"#0"},"up":{"uv":[2.8125,9.4375,2.375,8.9375],"tintindex":-2,"rotation":0,"texture":"#0"},"down":{"uv":[3.25,8.9375,2.8125,9.4375],"tintindex":-2,"rotation":0,"texture":"#0"}}}],"display":{"gui":{"rotation":[30,225,0]}}}