{"textures":{"0":"modelengine:entity/gigas"},"elements":[{"from":[4.961464,7.2662582,13.931492],"to":[21.961464,9.266258,19.931492],"faces":{"east":{"uv":[2.0,7.125,2.375,7.25],"tintindex":-2,"rotation":0,"texture":"#0"},"south":{"uv":[6.8125,1.625,7.875,1.75],"tintindex":-2,"rotation":0,"texture":"#0"},"north":{"uv":[3.5,2.125,4.5625,2.25],"tintindex":-2,"rotation":0,"texture":"#0"},"west":{"uv":[0.5625,7.875,0.9375,8.0],"tintindex":-2,"rotation":0,"texture":"#0"},"up":{"uv":[8.3125,3.375,7.25,3.0],"tintindex":-2,"rotation":0,"texture":"#0"},"down":{"uv":[8.3125,3.75,7.25,4.125],"tintindex":-2,"rotation":0,"texture":"#0"}}},{"from":[6.961464,6.2662582,7.931492],"to":[10.961464,10.266258,14.931492],"faces":{"east":{"uv":[9.5625,0.75,10.0,1.0],"tintindex":-2,"rotation":0,"texture":"#0"},"south":{"uv":[0.75,9.75,1.0,10.0],"tintindex":-2,"rotation":0,"texture":"#0"},"north":{"uv":[0.5,9.75,0.75,10.0],"tintindex":-2,"rotation":0,"texture":"#0"},"west":{"uv":[9.5625,1.0,10.0,1.25],"tintindex":-2,"rotation":0,"texture":"#0"},"up":{"uv":[0.25,10.0,0.0,9.5625],"tintindex":-2,"rotation":0,"texture":"#0"},"down":{"uv":[4.25,9.5625,4.0,10.0],"tintindex":-2,"rotation":0,"texture":"#0"}}}],"display":{"gui":{"rotation":[30,225,0]}}}