{"textures":{"0":"modelengine:entity/gigasbabyblue"},"elements":[{"from":[3.3080177,5.1209383,7.393614],"to":[5.3080177,6.1209383,8.393614],"faces":{"east":{"uv":[11.0,9.5,10.5,10.0],"tintindex":-2,"rotation":0,"texture":"#0"},"south":{"uv":[11.0,3.5,10.0,4.0],"tintindex":-2,"rotation":0,"texture":"#0"},"north":{"uv":[11.0,3.0,10.0,3.5],"tintindex":-2,"rotation":0,"texture":"#0"},"west":{"uv":[11.0,8.5,10.5,9.0],"tintindex":-2,"rotation":0,"texture":"#0"},"up":{"uv":[4.0,10.5,5.0,10.0],"tintindex":-2,"rotation":0,"texture":"#0"},"down":{"uv":[10.0,4.0,11.0,4.5],"tintindex":-2,"rotation":0,"texture":"#0"}},"rotation":{"origin":[5.878761,8.0,8.0],"angle":-45.0,"axis":"z"}},{"from":[13.732615,9.21719,7.393614],"to":[14.732615,10.71719,8.393614],"faces":{"east":{"uv":[6.5,10.0,7.0,11.0],"tintindex":-2,"rotation":0,"texture":"#0"},"south":{"uv":[7.0,10.0,7.5,11.0],"tintindex":-2,"rotation":0,"texture":"#0"},"north":{"uv":[6.0,10.0,6.5,11.0],"tintindex":-2,"rotation":0,"texture":"#0"},"west":{"uv":[7.5,10.0,8.0,11.0],"tintindex":-2,"rotation":0,"texture":"#0"},"up":{"uv":[10.5,11.0,10.0,10.5],"tintindex":-2,"rotation":0,"texture":"#0"},"down":{"uv":[11.0,10.5,10.5,11.0],"tintindex":-2,"rotation":0,"texture":"#0"}},"rotation":{"origin":[8.0,8.0,8.0],"angle":-45.0,"axis":"z"}},{"from":[3.4393806,6.367772,7.393614],"to":[6.4393806,7.367772,8.393614],"faces":{"east":{"uv":[11.0,8.0,10.5,8.5],"tintindex":-2,"rotation":0,"texture":"#0"},"south":{"uv":[11.0,7.5,9.5,8.0],"tintindex":-2,"rotation":0,"texture":"#0"},"north":{"uv":[11.0,7.0,9.5,7.5],"tintindex":-2,"rotation":0,"texture":"#0"},"west":{"uv":[6.0,10.5,5.5,11.0],"tintindex":-2,"rotation":0,"texture":"#0"},"up":{"uv":[8.0,10.0,9.5,9.5],"tintindex":-2,"rotation":0,"texture":"#0"},"down":{"uv":[9.5,9.0,11.0,9.5],"tintindex":-2,"rotation":0,"texture":"#0"}}},{"from":[-0.35385418,10.21719,7.143614],"to":[3.6461458,11.21719,8.643614],"faces":{"east":{"uv":[6.0,10.0,5.0,10.5],"tintindex":-2,"rotation":0,"texture":"#0"},"south":{"uv":[4.5,9.0,2.5,9.5],"tintindex":-2,"rotation":0,"texture":"#0"},"north":{"uv":[11.0,2.0,9.0,2.5],"tintindex":-2,"rotation":0,"texture":"#0"},"west":{"uv":[11.0,4.5,10.0,5.0],"tintindex":-2,"rotation":0,"texture":"#0"},"up":{"uv":[8.0,4.0,10.0,3.0],"tintindex":-2,"rotation":0,"texture":"#0"},"down":{"uv":[8.0,4.0,10.0,5.0],"tintindex":-2,"rotation":0,"texture":"#0"}},"rotation":{"origin":[5.878761,8.0,8.0],"angle":45.0,"axis":"z"}},{"from":[10.2326145,10.21719,7.143614],"to":[14.232615,11.21719,8.643614],"faces":{"east":{"uv":[10.0,4.5,11.0,5.0],"tintindex":-2,"rotation":0,"texture":"#0"},"south":{"uv":[2.5,9.0,4.5,9.5],"tintindex":-2,"rotation":0,"texture":"#0"},"north":{"uv":[9.0,2.0,11.0,2.5],"tintindex":-2,"rotation":0,"texture":"#0"},"west":{"uv":[5.0,10.0,6.0,10.5],"tintindex":-2,"rotation":0,"texture":"#0"},"up":{"uv":[10.0,4.0,8.0,3.0],"tintindex":-2,"rotation":0,"texture":"#0"},"down":{"uv":[10.0,4.0,8.0,5.0],"tintindex":-2,"rotation":0,"texture":"#0"}},"rotation":{"origin":[8.0,8.0,8.0],"angle":-45.0,"axis":"z"}},{"from":[-0.8538542,9.21719,7.393614],"to":[0.14614582,10.71719,8.393614],"faces":{"east":{"uv":[8.0,10.0,7.5,11.0],"tintindex":-2,"rotation":0,"texture":"#0"},"south":{"uv":[7.5,10.0,7.0,11.0],"tintindex":-2,"rotation":0,"texture":"#0"},"north":{"uv":[6.5,10.0,6.0,11.0],"tintindex":-2,"rotation":0,"texture":"#0"},"west":{"uv":[7.0,10.0,6.5,11.0],"tintindex":-2,"rotation":0,"texture":"#0"},"up":{"uv":[10.0,11.0,10.5,10.5],"tintindex":-2,"rotation":0,"texture":"#0"},"down":{"uv":[10.5,10.5,11.0,11.0],"tintindex":-2,"rotation":0,"texture":"#0"}},"rotation":{"origin":[5.878761,8.0,8.0],"angle":45.0,"axis":"z"}},{"from":[7.4393806,6.367772,7.393614],"to":[10.439381,7.367772,8.393614],"faces":{"east":{"uv":[5.5,10.5,6.0,11.0],"tintindex":-2,"rotation":0,"texture":"#0"},"south":{"uv":[9.5,7.5,11.0,8.0],"tintindex":-2,"rotation":0,"texture":"#0"},"north":{"uv":[9.5,7.0,11.0,7.5],"tintindex":-2,"rotation":0,"texture":"#0"},"west":{"uv":[10.5,8.0,11.0,8.5],"tintindex":-2,"rotation":0,"texture":"#0"},"up":{"uv":[9.5,10.0,8.0,9.5],"tintindex":-2,"rotation":0,"texture":"#0"},"down":{"uv":[11.0,9.0,9.5,9.5],"tintindex":-2,"rotation":0,"texture":"#0"}}},{"from":[8.570744,5.1209383,7.393614],"to":[10.570744,6.1209383,8.393614],"faces":{"east":{"uv":[10.5,8.5,11.0,9.0],"tintindex":-2,"rotation":0,"texture":"#0"},"south":{"uv":[10.0,3.5,11.0,4.0],"tintindex":-2,"rotation":0,"texture":"#0"},"north":{"uv":[10.0,3.0,11.0,3.5],"tintindex":-2,"rotation":0,"texture":"#0"},"west":{"uv":[10.5,9.5,11.0,10.0],"tintindex":-2,"rotation":0,"texture":"#0"},"up":{"uv":[5.0,10.5,4.0,10.0],"tintindex":-2,"rotation":0,"texture":"#0"},"down":{"uv":[11.0,4.0,10.0,4.5],"tintindex":-2,"rotation":0,"texture":"#0"}},"rotation":{"origin":[8.0,8.0,8.0],"angle":45.0,"axis":"z"}}],"display":{"gui":{"rotation":[30,225,0]}}}