{"textures":{"0":"modelengine:entity/gigasbabyblue"},"elements":[{"from":[5.4393806,2.4461932,8.866808],"to":[6.4393806,4.446193,9.866808],"faces":{"east":{"uv":[10.0,10.0,9.5,11.0],"tintindex":-2,"rotation":0,"texture":"#0"},"south":{"uv":[9.5,10.0,9.0,11.0],"tintindex":-2,"rotation":0,"texture":"#0"},"north":{"uv":[8.5,10.0,8.0,11.0],"tintindex":-2,"rotation":0,"texture":"#0"},"west":{"uv":[9.0,10.0,8.5,11.0],"tintindex":-2,"rotation":0,"texture":"#0"},"up":{"uv":[0.0,11.5,0.5,11.0],"tintindex":-2,"rotation":0,"texture":"#0"},"down":{"uv":[0.5,11.0,1.0,11.5],"tintindex":-2,"rotation":0,"texture":"#0"}},"rotation":{"origin":[6.878761,7.0,6.0],"angle":-45.0,"axis":"x"}},{"from":[6.4393806,6.867772,2.3936138],"to":[7.4393806,7.867772,3.3936138],"faces":{"east":{"uv":[11.5,3.5,11.0,4.0],"tintindex":-2,"rotation":0,"texture":"#0"},"south":{"uv":[4.0,11.0,3.5,11.5],"tintindex":-2,"rotation":0,"texture":"#0"},"north":{"uv":[3.5,11.0,3.0,11.5],"tintindex":-2,"rotation":0,"texture":"#0"},"west":{"uv":[11.5,3.0,11.0,3.5],"tintindex":-2,"rotation":0,"texture":"#0"},"up":{"uv":[4.0,11.5,4.5,11.0],"tintindex":-2,"rotation":0,"texture":"#0"},"down":{"uv":[11.0,4.0,11.5,4.5],"tintindex":-2,"rotation":0,"texture":"#0"}}},{"from":[9.439381,2.4461932,8.866808],"to":[10.439381,4.446193,9.866808],"faces":{"east":{"uv":[8.5,10.0,9.0,11.0],"tintindex":-2,"rotation":0,"texture":"#0"},"south":{"uv":[9.0,10.0,9.5,11.0],"tintindex":-2,"rotation":0,"texture":"#0"},"north":{"uv":[8.0,10.0,8.5,11.0],"tintindex":-2,"rotation":0,"texture":"#0"},"west":{"uv":[9.5,10.0,10.0,11.0],"tintindex":-2,"rotation":0,"texture":"#0"},"up":{"uv":[0.5,11.5,0.0,11.0],"tintindex":-2,"rotation":0,"texture":"#0"},"down":{"uv":[1.0,11.0,0.5,11.5],"tintindex":-2,"rotation":0,"texture":"#0"}},"rotation":{"origin":[9.0,7.0,6.0],"angle":-45.0,"axis":"x"}},{"from":[4.4393806,1.4461932,8.866808],"to":[5.4393806,2.4461932,9.866808],"faces":{"east":{"uv":[11.5,1.5,11.0,2.0],"tintindex":-2,"rotation":0,"texture":"#0"},"south":{"uv":[2.0,11.0,1.5,11.5],"tintindex":-2,"rotation":0,"texture":"#0"},"north":{"uv":[1.5,11.0,1.0,11.5],"tintindex":-2,"rotation":0,"texture":"#0"},"west":{"uv":[11.5,1.0,11.0,1.5],"tintindex":-2,"rotation":0,"texture":"#0"},"up":{"uv":[2.0,11.5,2.5,11.0],"tintindex":-2,"rotation":0,"texture":"#0"},"down":{"uv":[11.0,2.0,11.5,2.5],"tintindex":-2,"rotation":0,"texture":"#0"}},"rotation":{"origin":[6.878761,7.0,6.0],"angle":-45.0,"axis":"x"}},{"from":[9.439381,-0.5538063,9.366808],"to":[11.439381,2.4461932,9.366808],"faces":{"south":{"uv":[7.0,8.5,8.0,10.0],"tintindex":-2,"rotation":0,"texture":"#0"},"north":{"uv":[6.0,8.5,7.0,10.0],"tintindex":-2,"rotation":0,"texture":"#0"}},"rotation":{"origin":[9.0,7.0,6.0],"angle":-45.0,"axis":"x"}},{"from":[8.408514,7.867772,3.4238696],"to":[13.408514,8.867772,10.67387],"faces":{"east":{"uv":[8.0,5.0,11.5,5.5],"tintindex":-2,"rotation":0,"texture":"#0"},"south":{"uv":[0.0,9.0,2.5,9.5],"tintindex":-2,"rotation":0,"texture":"#0"},"north":{"uv":[8.0,8.5,10.5,9.0],"tintindex":-2,"rotation":0,"texture":"#0"},"west":{"uv":[8.0,5.5,11.5,6.0],"tintindex":-2,"rotation":0,"texture":"#0"},"up":{"uv":[2.5,3.5,0.0,0.0],"tintindex":-2,"rotation":0,"texture":"#0"},"down":{"uv":[5.0,0.0,2.5,3.5],"tintindex":-2,"rotation":0,"texture":"#0"}},"rotation":{"origin":[9.0,7.0,6.0],"angle":-22.5,"axis":"y"}},{"from":[6.4393806,6.867772,3.3936138],"to":[9.439381,9.867772,11.393614],"faces":{"east":{"uv":[0.0,3.5,4.0,5.0],"tintindex":-2,"rotation":0,"texture":"#0"},"south":{"uv":[7.5,1.5,9.0,3.0],"tintindex":-2,"rotation":0,"texture":"#0"},"north":{"uv":[7.5,0.0,9.0,1.5],"tintindex":-2,"rotation":0,"texture":"#0"},"west":{"uv":[4.0,3.5,8.0,5.0],"tintindex":-2,"rotation":0,"texture":"#0"},"up":{"uv":[1.5,9.0,0.0,5.0],"tintindex":-2,"rotation":0,"texture":"#0"},"down":{"uv":[3.0,5.0,1.5,9.0],"tintindex":-2,"rotation":0,"texture":"#0"}}},{"from":[8.439381,7.867772,2.3936138],"to":[10.439381,8.867772,3.3936138],"faces":{"east":{"uv":[2.5,11.0,3.0,11.5],"tintindex":-2,"rotation":0,"texture":"#0"},"south":{"uv":[0.0,10.5,1.0,11.0],"tintindex":-2,"rotation":0,"texture":"#0"},"north":{"uv":[10.0,10.0,11.0,10.5],"tintindex":-2,"rotation":0,"texture":"#0"},"west":{"uv":[11.0,2.5,11.5,3.0],"tintindex":-2,"rotation":0,"texture":"#0"},"up":{"uv":[11.5,0.5,10.5,0.0],"tintindex":-2,"rotation":0,"texture":"#0"},"down":{"uv":[11.5,0.5,10.5,1.0],"tintindex":-2,"rotation":0,"texture":"#0"}}},{"from":[6.4393806,5.867772,4.393614],"to":[9.439381,8.867772,9.393614],"faces":{"east":{"uv":[5.0,0.0,7.5,1.5],"tintindex":-2,"rotation":0,"texture":"#0"},"south":{"uv":[4.5,7.5,6.0,9.0],"tintindex":-2,"rotation":0,"texture":"#0"},"north":{"uv":[3.0,7.5,4.5,9.0],"tintindex":-2,"rotation":0,"texture":"#0"},"west":{"uv":[5.0,1.5,7.5,3.0],"tintindex":-2,"rotation":0,"texture":"#0"},"up":{"uv":[4.5,7.5,3.0,5.0],"tintindex":-2,"rotation":0,"texture":"#0"},"down":{"uv":[6.0,5.0,4.5,7.5],"tintindex":-2,"rotation":0,"texture":"#0"}}},{"from":[8.408514,6.867772,3.4238696],"to":[10.408514,7.867772,9.67387],"faces":{"east":{"uv":[5.0,3.0,8.0,3.5],"tintindex":-2,"rotation":0,"texture":"#0"},"south":{"uv":[0.0,10.0,1.0,10.5],"tintindex":-2,"rotation":0,"texture":"#0"},"north":{"uv":[9.5,9.5,10.5,10.0],"tintindex":-2,"rotation":0,"texture":"#0"},"west":{"uv":[6.0,8.0,9.0,8.5],"tintindex":-2,"rotation":0,"texture":"#0"},"up":{"uv":[7.0,8.0,6.0,5.0],"tintindex":-2,"rotation":0,"texture":"#0"},"down":{"uv":[8.0,5.0,7.0,8.0],"tintindex":-2,"rotation":0,"texture":"#0"}},"rotation":{"origin":[9.0,7.0,6.0],"angle":-22.5,"axis":"y"}},{"from":[4.4393806,-0.5538063,9.366808],"to":[6.4393806,2.4461932,9.366808],"faces":{"south":{"uv":[8.0,8.5,7.0,10.0],"tintindex":-2,"rotation":0,"texture":"#0"},"north":{"uv":[7.0,8.5,6.0,10.0],"tintindex":-2,"rotation":0,"texture":"#0"}},"rotation":{"origin":[6.878761,7.0,6.0],"angle":-45.0,"axis":"x"}},{"from":[10.439381,1.4461932,8.866808],"to":[11.439381,2.4461932,9.866808],"faces":{"east":{"uv":[11.0,1.0,11.5,1.5],"tintindex":-2,"rotation":0,"texture":"#0"},"south":{"uv":[1.5,11.0,2.0,11.5],"tintindex":-2,"rotation":0,"texture":"#0"},"north":{"uv":[1.0,11.0,1.5,11.5],"tintindex":-2,"rotation":0,"texture":"#0"},"west":{"uv":[11.0,1.5,11.5,2.0],"tintindex":-2,"rotation":0,"texture":"#0"},"up":{"uv":[2.5,11.5,2.0,11.0],"tintindex":-2,"rotation":0,"texture":"#0"},"down":{"uv":[11.5,2.0,11.0,2.5],"tintindex":-2,"rotation":0,"texture":"#0"}},"rotation":{"origin":[9.0,7.0,6.0],"angle":-45.0,"axis":"x"}},{"from":[5.6317167,6.867772,2.6121063],"to":[7.6317167,7.867772,8.862106],"faces":{"east":{"uv":[9.0,8.0,6.0,8.5],"tintindex":-2,"rotation":0,"texture":"#0"},"south":{"uv":[1.0,10.0,0.0,10.5],"tintindex":-2,"rotation":0,"texture":"#0"},"north":{"uv":[10.5,9.5,9.5,10.0],"tintindex":-2,"rotation":0,"texture":"#0"},"west":{"uv":[8.0,3.0,5.0,3.5],"tintindex":-2,"rotation":0,"texture":"#0"},"up":{"uv":[6.0,8.0,7.0,5.0],"tintindex":-2,"rotation":0,"texture":"#0"},"down":{"uv":[7.0,5.0,8.0,8.0],"tintindex":-2,"rotation":0,"texture":"#0"}},"rotation":{"origin":[9.0,7.0,6.0],"angle":22.5,"axis":"y"}},{"from":[5.4393806,7.867772,2.3936138],"to":[7.4393806,8.867772,3.3936138],"faces":{"east":{"uv":[11.5,2.5,11.0,3.0],"tintindex":-2,"rotation":0,"texture":"#0"},"south":{"uv":[1.0,10.5,0.0,11.0],"tintindex":-2,"rotation":0,"texture":"#0"},"north":{"uv":[11.0,10.0,10.0,10.5],"tintindex":-2,"rotation":0,"texture":"#0"},"west":{"uv":[3.0,11.0,2.5,11.5],"tintindex":-2,"rotation":0,"texture":"#0"},"up":{"uv":[10.5,0.5,11.5,0.0],"tintindex":-2,"rotation":0,"texture":"#0"},"down":{"uv":[10.5,0.5,11.5,1.0],"tintindex":-2,"rotation":0,"texture":"#0"}}},{"from":[8.439381,6.867772,2.3936138],"to":[9.439381,7.867772,3.3936138],"faces":{"east":{"uv":[11.0,3.0,11.5,3.5],"tintindex":-2,"rotation":0,"texture":"#0"},"south":{"uv":[3.5,11.0,4.0,11.5],"tintindex":-2,"rotation":0,"texture":"#0"},"north":{"uv":[3.0,11.0,3.5,11.5],"tintindex":-2,"rotation":0,"texture":"#0"},"west":{"uv":[11.0,3.5,11.5,4.0],"tintindex":-2,"rotation":0,"texture":"#0"},"up":{"uv":[4.5,11.5,4.0,11.0],"tintindex":-2,"rotation":0,"texture":"#0"},"down":{"uv":[11.5,4.0,11.0,4.5],"tintindex":-2,"rotation":0,"texture":"#0"}}},{"from":[2.6317172,7.867772,2.6121063],"to":[7.6317167,8.867772,9.862106],"faces":{"east":{"uv":[11.5,5.5,8.0,6.0],"tintindex":-2,"rotation":0,"texture":"#0"},"south":{"uv":[2.5,9.0,0.0,9.5],"tintindex":-2,"rotation":0,"texture":"#0"},"north":{"uv":[10.5,8.5,8.0,9.0],"tintindex":-2,"rotation":0,"texture":"#0"},"west":{"uv":[11.5,5.0,8.0,5.5],"tintindex":-2,"rotation":0,"texture":"#0"},"up":{"uv":[0.0,3.5,2.5,0.0],"tintindex":-2,"rotation":0,"texture":"#0"},"down":{"uv":[2.5,0.0,5.0,3.5],"tintindex":-2,"rotation":0,"texture":"#0"}},"rotation":{"origin":[9.0,7.0,6.0],"angle":22.5,"axis":"y"}}],"display":{"gui":{"rotation":[30,225,0]}}}