{"textures":{"0":"modelengine:entity/spirifire_resources"},"elements":[{"from":[0.0,0.0,8.0],"to":[16.0,16.0,8.0],"faces":{"east":{"uv":[-0.03175,0.001,-0.047875,7.999],"tintindex":-2,"rotation":180,"texture":"#0"},"south":{"uv":[3.25,15.5005,3.5,15.2505],"tintindex":-2,"rotation":180,"texture":"#0"},"north":{"uv":[3.5,15.2505,3.25,15.5005],"tintindex":-2,"rotation":0,"texture":"#0"},"west":{"uv":[-0.03175,0.001,-0.047875,7.999],"tintindex":-2,"rotation":180,"texture":"#0"},"up":{"uv":[0.001,-0.03175,7.999,-0.047875],"tintindex":-2,"rotation":180,"texture":"#0"},"down":{"uv":[0.001,-0.03175,7.999,-0.047875],"tintindex":-2,"rotation":180,"texture":"#0"}}},{"from":[8.0,0.0,0.0],"to":[8.0,16.0,16.0],"faces":{"east":{"uv":[3.5,15.2505,3.25,15.5005],"tintindex":-2,"rotation":0,"texture":"#0"},"south":{"uv":[-0.03175,0.001,-0.047875,7.999],"tintindex":-2,"rotation":180,"texture":"#0"},"north":{"uv":[-0.03175,0.001,-0.047875,7.999],"tintindex":-2,"rotation":180,"texture":"#0"},"west":{"uv":[3.25,15.5005,3.5,15.2505],"tintindex":-2,"rotation":180,"texture":"#0"},"up":{"uv":[0.001,-0.03175,7.999,-0.047875],"tintindex":-2,"rotation":270,"texture":"#0"},"down":{"uv":[0.001,-0.03175,7.999,-0.047875],"tintindex":-2,"rotation":90,"texture":"#0"}}}],"display":{"gui":{"rotation":[30,225,0]}}}