{"textures":{"0":"modelengine:entity/spirifire_resources"},"elements":[{"from":[-8.0,8.0,-8.0],"to":[24.0,8.0,24.0],"faces":{"east":{"uv":[0.001,-5.0E-4,7.999,-0.016625],"tintindex":-2,"rotation":180,"texture":"#0"},"south":{"uv":[-5.0E-4,0.001,-0.016625,7.999],"tintindex":-2,"rotation":270,"texture":"#0"},"north":{"uv":[-5.0E-4,0.001,-0.016625,7.999],"tintindex":-2,"rotation":90,"texture":"#0"},"west":{"uv":[0.001,-5.0E-4,7.999,-0.016625],"tintindex":-2,"rotation":0,"texture":"#0"},"up":{"uv":[4.0005,1.0005,4.9995,1.9995],"tintindex":-2,"rotation":270,"texture":"#0"},"down":{"uv":[4.9995,1.0005,4.0005,1.9995],"tintindex":-2,"rotation":270,"texture":"#0"}}},{"from":[8.0,-8.0,-8.0],"to":[8.0,24.0,24.0],"faces":{"east":{"uv":[4.9995,1.0005,4.0005,1.9995],"tintindex":-2,"rotation":180,"texture":"#0"},"south":{"uv":[-5.0E-4,0.001,-0.016625,7.999],"tintindex":-2,"rotation":180,"texture":"#0"},"north":{"uv":[-5.0E-4,0.001,-0.016625,7.999],"tintindex":-2,"rotation":180,"texture":"#0"},"west":{"uv":[4.0005,1.0005,4.9995,1.9995],"tintindex":-2,"rotation":180,"texture":"#0"},"up":{"uv":[0.001,-5.0E-4,7.999,-0.016625],"tintindex":-2,"rotation":90,"texture":"#0"},"down":{"uv":[0.001,-5.0E-4,7.999,-0.016625],"tintindex":-2,"rotation":270,"texture":"#0"}}},{"from":[-8.0,-8.0,8.0],"to":[24.0,24.0,8.0],"faces":{"east":{"uv":[-5.0E-4,0.001,-0.016625,7.999],"tintindex":-2,"rotation":180,"texture":"#0"},"south":{"uv":[4.9995,1.0005,4.0005,1.9995],"tintindex":-2,"rotation":180,"texture":"#0"},"north":{"uv":[4.0005,1.0005,4.9995,1.9995],"tintindex":-2,"rotation":180,"texture":"#0"},"west":{"uv":[-5.0E-4,0.001,-0.016625,7.999],"tintindex":-2,"rotation":180,"texture":"#0"},"up":{"uv":[0.001,-5.0E-4,7.999,-0.016625],"tintindex":-2,"rotation":180,"texture":"#0"},"down":{"uv":[0.001,-5.0E-4,7.999,-0.016625],"tintindex":-2,"rotation":180,"texture":"#0"}}}],"display":{"gui":{"rotation":[30,225,0]}}}