{"textures":{"0":"modelengine:entity/spirifire_resources"},"elements":[{"from":[-8.0,-8.0,8.0],"to":[24.0,24.0,8.0],"faces":{"east":{"uv":[0.001,-0.03175,7.999,-0.047875],"tintindex":-2,"rotation":270,"texture":"#0"},"south":{"uv":[3.9995,15.5005,3.5005,15.9995],"tintindex":-2,"rotation":270,"texture":"#0"},"north":{"uv":[3.5005,15.5005,3.9995,15.9995],"tintindex":-2,"rotation":270,"texture":"#0"},"west":{"uv":[0.001,-0.03175,7.999,-0.047875],"tintindex":-2,"rotation":270,"texture":"#0"},"up":{"uv":[-0.03175,0.001,-0.047875,7.999],"tintindex":-2,"rotation":270,"texture":"#0"},"down":{"uv":[-0.03175,0.001,-0.047875,7.999],"tintindex":-2,"rotation":270,"texture":"#0"}}}],"display":{"gui":{"rotation":[30,225,0]}}}