{"textures":{"0":"modelengine:entity/spirifire_resources"},"elements":[{"from":[-8.666668,8.0,-8.666668],"to":[24.666668,8.0,24.666668],"faces":{"east":{"uv":[0.001,-0.016125,7.999,-0.03225],"tintindex":-2,"rotation":180,"texture":"#0"},"south":{"uv":[-0.016125,0.001,-0.03225,7.999],"tintindex":-2,"rotation":270,"texture":"#0"},"north":{"uv":[-0.016125,0.001,-0.03225,7.999],"tintindex":-2,"rotation":90,"texture":"#0"},"west":{"uv":[0.001,-0.016125,7.999,-0.03225],"tintindex":-2,"rotation":0,"texture":"#0"},"up":{"uv":[11.0005,3.0005,11.9995,3.9995],"tintindex":-2,"rotation":270,"texture":"#0"},"down":{"uv":[11.9995,3.0005,11.0005,3.9995],"tintindex":-2,"rotation":270,"texture":"#0"}}}],"display":{"gui":{"rotation":[30,225,0]}}}