{"textures":{"0":"modelengine:entity/spirifire_resources"},"elements":[{"from":[-8.0,-8.0,8.0],"to":[24.0,24.0,8.0],"faces":{"east":{"uv":[0.001,-0.016125,7.999,-0.03225],"tintindex":-2,"rotation":270,"texture":"#0"},"south":{"uv":[7.9995,3.0005,7.0005,3.9995],"tintindex":-2,"rotation":270,"texture":"#0"},"north":{"uv":[7.0005,3.0005,7.9995,3.9995],"tintindex":-2,"rotation":90,"texture":"#0"},"west":{"uv":[0.001,-0.016125,7.999,-0.03225],"tintindex":-2,"rotation":270,"texture":"#0"},"up":{"uv":[-0.016125,0.001,-0.03225,7.999],"tintindex":-2,"rotation":270,"texture":"#0"},"down":{"uv":[-0.016125,0.001,-0.03225,7.999],"tintindex":-2,"rotation":270,"texture":"#0"}}}],"display":{"gui":{"rotation":[30,225,0]}}}