{"textures":{"0":"modelengine:entity/lostassets_mob2_flowersprite"},"elements":[{"from":[3.1999998,0.79999924,4.0],"to":[12.8,15.199999,8.8],"faces":{"east":{"uv":[11.125,8.875,11.5,10.0],"tintindex":-2,"rotation":0,"texture":"#0"},"south":{"uv":[6.75,11.0,7.5,12.125],"tintindex":-2,"rotation":0,"texture":"#0"},"north":{"uv":[6.0,11.0,6.75,12.125],"tintindex":-2,"rotation":0,"texture":"#0"},"west":{"uv":[0.0,11.5,0.375,12.625],"tintindex":-2,"rotation":0,"texture":"#0"},"up":{"uv":[12.25,2.875,11.5,2.5],"tintindex":-2,"rotation":0,"texture":"#0"},"down":{"uv":[8.5,11.5,7.75,11.875],"tintindex":-2,"rotation":0,"texture":"#0"}}}],"display":{"gui":{"rotation":[30,225,0]}}}