{"textures":{"0":"modelengine:entity/lostassets_mob2_flowersprite"},"elements":[{"from":[0.5254884,-0.79999924,1.074512],"to":[14.9254875,21.6,15.474511],"faces":{"east":{"uv":[10.0,3.5,11.125,5.25],"tintindex":-2,"rotation":0,"texture":"#0"},"south":{"uv":[10.0,5.25,11.125,7.0],"tintindex":-2,"rotation":0,"texture":"#0"},"north":{"uv":[8.875,9.75,10.0,11.5],"tintindex":-2,"rotation":0,"texture":"#0"},"west":{"uv":[10.0,7.0,11.125,8.75],"tintindex":-2,"rotation":0,"texture":"#0"},"up":{"uv":[11.125,9.875,10.0,8.75],"tintindex":-2,"rotation":0,"texture":"#0"},"down":{"uv":[11.125,9.875,10.0,11.0],"tintindex":-2,"rotation":0,"texture":"#0"}}},{"from":[-9.599998,6.3999996,9.6],"to":[3.2000003,19.199999,9.64],"faces":{"south":{"uv":[5.0,11.0,6.0,12.0],"tintindex":-2,"rotation":0,"texture":"#0"},"north":{"uv":[7.75,10.5,8.75,11.5],"tintindex":-2,"rotation":0,"texture":"#0"}},"rotation":{"origin":[-3.2000008,12.800001,9.6],"angle":45.0,"axis":"y"}},{"from":[0.5254884,-14.4,3.474512],"to":[14.9254875,8.0,3.554512],"faces":{"south":{"uv":[8.875,8.0,10.0,9.75],"tintindex":-2,"rotation":0,"texture":"#0"},"north":{"uv":[7.75,8.75,8.875,10.5],"tintindex":-2,"rotation":0,"texture":"#0"}}},{"from":[12.250977,6.3999996,9.6],"to":[25.050976,19.199999,9.64],"faces":{"south":{"uv":[4.0,10.5,5.0,11.5],"tintindex":-2,"rotation":0,"texture":"#0"},"north":{"uv":[3.0,10.5,4.0,11.5],"tintindex":-2,"rotation":0,"texture":"#0"}},"rotation":{"origin":[18.650976,12.800001,9.6],"angle":-45.0,"axis":"y"}},{"from":[1.3254881,8.0,1.8745117],"to":[14.125488,20.800001,14.674512],"faces":{"east":{"uv":[10.5,0.0,11.5,1.0],"tintindex":-2,"rotation":0,"texture":"#0"},"south":{"uv":[1.0,10.5,2.0,11.5],"tintindex":-2,"rotation":0,"texture":"#0"},"north":{"uv":[0.0,10.5,1.0,11.5],"tintindex":-2,"rotation":0,"texture":"#0"},"west":{"uv":[10.5,1.0,11.5,2.0],"tintindex":-2,"rotation":0,"texture":"#0"},"up":{"uv":[3.0,11.5,2.0,10.5],"tintindex":-2,"rotation":0,"texture":"#0"},"down":{"uv":[11.5,2.0,10.5,3.0],"tintindex":-2,"rotation":0,"texture":"#0"}}}],"display":{"gui":{"rotation":[30,225,0]}}}