{"textures":{"0":"modelengine:entity/lostassets_mob2_flowersprite"},"elements":[{"from":[7.6,-3.1999989,-1.2000008],"to":[11.6,11.200001,4.3999996],"faces":{"east":{"uv":[11.125,6.625,11.625,7.75],"tintindex":-2,"rotation":0,"texture":"#0"},"south":{"uv":[1.125,11.5,1.5,12.625],"tintindex":-2,"rotation":0,"texture":"#0"},"north":{"uv":[0.75,11.5,1.125,12.625],"tintindex":-2,"rotation":0,"texture":"#0"},"west":{"uv":[11.125,7.75,11.625,8.875],"tintindex":-2,"rotation":0,"texture":"#0"},"up":{"uv":[12.0,7.0,11.625,6.5],"tintindex":-2,"rotation":0,"texture":"#0"},"down":{"uv":[12.0,7.0,11.625,7.5],"tintindex":-2,"rotation":0,"texture":"#0"}},"rotation":{"origin":[9.6,4.0,1.5999994],"angle":-22.5,"axis":"x"}},{"from":[7.2000003,-1.6262712,6.1430235],"to":[12.0,9.573729,10.943024],"faces":{"east":{"uv":[2.0,11.5,2.375,12.375],"tintindex":-2,"rotation":0,"texture":"#0"},"south":{"uv":[2.375,11.5,2.75,12.375],"tintindex":-2,"rotation":0,"texture":"#0"},"north":{"uv":[11.125,10.0,11.5,10.875],"tintindex":-2,"rotation":0,"texture":"#0"},"west":{"uv":[2.75,11.5,3.125,12.375],"tintindex":-2,"rotation":0,"texture":"#0"},"up":{"uv":[12.25,1.125,11.875,0.75],"tintindex":-2,"rotation":0,"texture":"#0"},"down":{"uv":[8.125,11.875,7.75,12.25],"tintindex":-2,"rotation":0,"texture":"#0"}},"rotation":{"origin":[9.6,7.973728,8.543024],"angle":22.5,"axis":"x"}}],"display":{"gui":{"rotation":[30,225,0]}}}