{"textures":{"0":"modelengine:entity/lostassets_mob2_flowersprite"},"elements":[{"from":[7.2,1.2000003,5.6000004],"to":[8.8,10.0,8.8],"faces":{"east":{"uv":[11.0,11.0,11.5,12.375],"tintindex":-2,"rotation":0,"texture":"#0"},"south":{"uv":[1.75,11.5,2.0,12.875],"tintindex":-2,"rotation":0,"texture":"#0"},"north":{"uv":[1.5,11.5,1.75,12.875],"tintindex":-2,"rotation":0,"texture":"#0"},"west":{"uv":[11.125,3.0,11.625,4.375],"tintindex":-2,"rotation":0,"texture":"#0"},"up":{"uv":[12.125,11.5,11.875,11.0],"tintindex":-2,"rotation":0,"texture":"#0"},"down":{"uv":[12.125,11.5,11.875,12.0],"tintindex":-2,"rotation":0,"texture":"#0"}},"rotation":{"origin":[8.0,6.4000006,7.2],"angle":22.5,"axis":"x"}},{"from":[7.96,-6.799999,1.5999999],"to":[8.0,7.6000004,9.6],"faces":{"east":{"uv":[8.75,5.75,10.0,8.0],"tintindex":-2,"rotation":0,"texture":"#0"},"west":{"uv":[6.5,8.75,7.75,11.0],"tintindex":-2,"rotation":0,"texture":"#0"}},"rotation":{"origin":[8.0,-0.79999924,5.6000004],"angle":-22.5,"axis":"x"}}],"display":{"gui":{"rotation":[30,225,0]}}}