{"textures":{"0":"modelengine:entity/lostassets_mob2_flowersprite"},"elements":[{"from":[5.6000004,1.5999994,7.2],"to":[10.400001,9.599999,12.0],"faces":{"east":{"uv":[8.5,11.5,8.875,12.125],"tintindex":-2,"rotation":0,"texture":"#0"},"south":{"uv":[8.875,11.5,9.25,12.125],"tintindex":-2,"rotation":0,"texture":"#0"},"north":{"uv":[4.625,11.5,5.0,12.125],"tintindex":-2,"rotation":0,"texture":"#0"},"west":{"uv":[11.5,8.875,11.875,9.5],"tintindex":-2,"rotation":0,"texture":"#0"},"up":{"uv":[12.25,0.375,11.875,0.0],"tintindex":-2,"rotation":0,"texture":"#0"},"down":{"uv":[12.25,0.375,11.875,0.75],"tintindex":-2,"rotation":0,"texture":"#0"}},"rotation":{"origin":[8.0,3.1999998,9.599999],"angle":-22.5,"axis":"x"}}],"display":{"gui":{"rotation":[30,225,0]}}}