{"textures":{"0":"modelengine:entity/lostassets_mob2_flowersprite"},"elements":[{"from":[5.6,1.5999999,5.5999994],"to":[10.32,8.0,10.4],"faces":{"east":{"uv":[11.5,11.0,11.875,11.5],"tintindex":-2,"rotation":0,"texture":"#0"},"south":{"uv":[11.5,11.5,11.875,12.0],"tintindex":-2,"rotation":0,"texture":"#0"},"north":{"uv":[10.5,3.0,10.875,3.5],"tintindex":-2,"rotation":0,"texture":"#0"},"west":{"uv":[11.625,3.0,12.0,3.5],"tintindex":-2,"rotation":0,"texture":"#0"},"up":{"uv":[12.0,8.875,11.625,8.5],"tintindex":-2,"rotation":0,"texture":"#0"},"down":{"uv":[12.125,2.125,11.75,2.5],"tintindex":-2,"rotation":0,"texture":"#0"}},"rotation":{"origin":[8.0,8.0,8.0],"angle":-45.0,"axis":"x"}}],"display":{"gui":{"rotation":[30,225,0]}}}