{"textures":{"0":"modelengine:entity/lostassets_mob2_flowersprite"},"elements":[{"from":[4.4,-3.1999989,-1.2000008],"to":[8.4,11.200001,4.3999996],"faces":{"east":{"uv":[11.125,4.375,11.625,5.5],"tintindex":-2,"rotation":0,"texture":"#0"},"south":{"uv":[0.375,11.5,0.75,12.625],"tintindex":-2,"rotation":0,"texture":"#0"},"north":{"uv":[11.5,0.0,11.875,1.125],"tintindex":-2,"rotation":0,"texture":"#0"},"west":{"uv":[11.125,5.5,11.625,6.625],"tintindex":-2,"rotation":0,"texture":"#0"},"up":{"uv":[12.0,4.0,11.625,3.5],"tintindex":-2,"rotation":0,"texture":"#0"},"down":{"uv":[12.0,4.0,11.625,4.5],"tintindex":-2,"rotation":0,"texture":"#0"}},"rotation":{"origin":[6.4,4.0,1.5999994],"angle":-22.5,"axis":"x"}},{"from":[3.9999995,-1.6262712,6.1430235],"to":[8.799999,9.573729,10.943024],"faces":{"east":{"uv":[3.5,11.5,3.875,12.375],"tintindex":-2,"rotation":0,"texture":"#0"},"south":{"uv":[3.875,11.5,4.25,12.375],"tintindex":-2,"rotation":0,"texture":"#0"},"north":{"uv":[3.125,11.5,3.5,12.375],"tintindex":-2,"rotation":0,"texture":"#0"},"west":{"uv":[4.25,11.5,4.625,12.375],"tintindex":-2,"rotation":0,"texture":"#0"},"up":{"uv":[12.25,10.375,11.875,10.0],"tintindex":-2,"rotation":0,"texture":"#0"},"down":{"uv":[12.25,10.375,11.875,10.75],"tintindex":-2,"rotation":0,"texture":"#0"}},"rotation":{"origin":[6.4,7.973728,8.543024],"angle":22.5,"axis":"x"}}],"display":{"gui":{"rotation":[30,225,0]}}}