{"textures":{"0":"modelengine:entity/lostassets_mob2_flowersprite"},"elements":[{"from":[8.0,-6.799999,1.5999999],"to":[8.04,7.6000004,9.6],"faces":{"east":{"uv":[8.75,3.5,10.0,5.75],"tintindex":-2,"rotation":0,"texture":"#0"},"west":{"uv":[5.25,8.75,6.5,11.0],"tintindex":-2,"rotation":0,"texture":"#0"}},"rotation":{"origin":[8.0,-0.79999924,5.6000004],"angle":-22.5,"axis":"x"}},{"from":[7.2,1.2000003,5.6000004],"to":[8.8,10.0,8.8],"faces":{"east":{"uv":[10.0,11.0,10.5,12.375],"tintindex":-2,"rotation":0,"texture":"#0"},"south":{"uv":[11.5,1.125,11.75,2.5],"tintindex":-2,"rotation":0,"texture":"#0"},"north":{"uv":[7.5,11.0,7.75,12.375],"tintindex":-2,"rotation":0,"texture":"#0"},"west":{"uv":[10.5,11.0,11.0,12.375],"tintindex":-2,"rotation":0,"texture":"#0"},"up":{"uv":[5.25,11.0,5.0,10.5],"tintindex":-2,"rotation":0,"texture":"#0"},"down":{"uv":[11.125,3.0,10.875,3.5],"tintindex":-2,"rotation":0,"texture":"#0"}},"rotation":{"origin":[8.0,6.4000006,7.2],"angle":22.5,"axis":"x"}}],"display":{"gui":{"rotation":[30,225,0]}}}