{"textures":{"0":"modelengine:entity/lostassets_mob2_flowersprite"},"elements":[{"from":[-9.112768,8.475838,-3.2000008],"to":[13.287231,8.55584,19.199999],"faces":{"north":{"uv":[13.25,2.875,11.5,3.0],"tintindex":-2,"rotation":0,"texture":"#0"},"up":{"uv":[1.75,8.75,3.5,7.0],"tintindex":-2,"rotation":0,"texture":"#0"},"down":{"uv":[8.75,1.75,7.0,3.5],"tintindex":-2,"rotation":0,"texture":"#0"}},"rotation":{"origin":[14.4,8.0,8.0],"angle":22.5,"axis":"z"}},{"from":[-5.8949757,4.8311996,-3.2000008],"to":[16.505024,4.8711967,19.199999],"faces":{"up":{"uv":[3.5,8.75,5.25,7.0],"tintindex":-2,"rotation":0,"texture":"#0"},"down":{"uv":[8.75,3.5,7.0,5.25],"tintindex":-2,"rotation":0,"texture":"#0"}},"rotation":{"origin":[14.4,8.0,8.0],"angle":-22.5,"axis":"z"}},{"from":[-6.086336,4.6633263,-3.2000008],"to":[16.313663,4.743328,19.199999],"faces":{"up":{"uv":[5.25,8.75,7.0,7.0],"tintindex":-2,"rotation":0,"texture":"#0"},"down":{"uv":[8.75,7.0,7.0,5.25],"tintindex":-2,"rotation":0,"texture":"#0"}},"rotation":{"origin":[14.4,8.0,8.0],"angle":-45.0,"axis":"z"}}],"display":{"gui":{"rotation":[30,225,0]}}}