{"textures":{"0":"modelengine:entity/lostassets_mob2_flowersprite"},"elements":[{"from":[5.64,1.2413282,3.0122876],"to":[10.440001,9.241328,7.8122873],"faces":{"east":{"uv":[11.5,9.5,11.875,10.125],"tintindex":-2,"rotation":0,"texture":"#0"},"south":{"uv":[9.625,11.5,10.0,12.125],"tintindex":-2,"rotation":0,"texture":"#0"},"north":{"uv":[9.25,11.5,9.625,12.125],"tintindex":-2,"rotation":0,"texture":"#0"},"west":{"uv":[11.5,10.125,11.875,10.75],"tintindex":-2,"rotation":0,"texture":"#0"},"up":{"uv":[8.5,12.25,8.125,11.875],"tintindex":-2,"rotation":0,"texture":"#0"},"down":{"uv":[12.25,8.875,11.875,9.25],"tintindex":-2,"rotation":0,"texture":"#0"}},"rotation":{"origin":[8.04,2.8413286,5.4122877],"angle":22.5,"axis":"x"}}],"display":{"gui":{"rotation":[30,225,0]}}}