{"textures":{"0":"modelengine:entity/lostassets_mob2_flowersprite"},"elements":[{"from":[5.6800003,1.6000004,5.6],"to":[10.4,8.0,10.4],"faces":{"east":{"uv":[11.625,5.0,12.0,5.5],"tintindex":-2,"rotation":0,"texture":"#0"},"south":{"uv":[11.625,5.5,12.0,6.0],"tintindex":-2,"rotation":0,"texture":"#0"},"north":{"uv":[11.625,4.5,12.0,5.0],"tintindex":-2,"rotation":0,"texture":"#0"},"west":{"uv":[11.625,6.0,12.0,6.5],"tintindex":-2,"rotation":0,"texture":"#0"},"up":{"uv":[12.25,9.625,11.875,9.25],"tintindex":-2,"rotation":0,"texture":"#0"},"down":{"uv":[12.25,9.625,11.875,10.0],"tintindex":-2,"rotation":0,"texture":"#0"}},"rotation":{"origin":[8.0,8.0,8.0],"angle":-22.5,"axis":"x"}}],"display":{"gui":{"rotation":[30,225,0]}}}