{"textures":{"0":"modelengine:entity/lostassets_mob2_flowersprite"},"elements":[{"from":[-3.1999998,6.3690224,-0.31366348],"to":[19.2,6.449024,22.086336],"faces":{"up":{"uv":[7.0,3.5,5.25,1.75],"tintindex":-2,"rotation":0,"texture":"#0"},"down":{"uv":[5.25,5.25,3.5,7.0],"tintindex":-2,"rotation":0,"texture":"#0"}},"rotation":{"origin":[8.0,9.705696,1.6000004],"angle":-45.0,"axis":"x"}},{"from":[-3.1999998,8.359997,3.0046883],"to":[19.2,8.399998,25.40469],"faces":{"up":{"uv":[7.0,1.75,5.25,0.0],"tintindex":-2,"rotation":0,"texture":"#0"},"down":{"uv":[3.5,5.25,1.75,7.0],"tintindex":-2,"rotation":0,"texture":"#0"}},"rotation":{"origin":[8.0,8.0,1.6000004],"angle":-45.0,"axis":"y"}},{"from":[-3.1999998,8.359997,3.0046883],"to":[19.2,8.399998,25.40469],"faces":{"up":{"uv":[5.25,5.25,3.5,3.5],"tintindex":-2,"rotation":0,"texture":"#0"},"down":{"uv":[1.75,5.25,0.0,7.0],"tintindex":-2,"rotation":0,"texture":"#0"}},"rotation":{"origin":[8.0,8.0,1.6000004],"angle":45.0,"axis":"y"}},{"from":[-3.1999998,6.5368958,-0.50502396],"to":[19.2,6.576893,21.894976],"faces":{"up":{"uv":[7.0,5.25,5.25,3.5],"tintindex":-2,"rotation":0,"texture":"#0"},"down":{"uv":[7.0,5.25,5.25,7.0],"tintindex":-2,"rotation":0,"texture":"#0"}},"rotation":{"origin":[8.0,9.705696,1.6000004],"angle":-22.5,"axis":"x"}},{"from":[-3.1999998,10.181534,2.7127676],"to":[19.2,10.261536,25.112766],"faces":{"west":{"uv":[11.125,10.875,12.875,11.0],"tintindex":-2,"rotation":0,"texture":"#0"},"up":{"uv":[1.75,8.75,0.0,7.0],"tintindex":-2,"rotation":0,"texture":"#0"},"down":{"uv":[8.75,0.0,7.0,1.75],"tintindex":-2,"rotation":0,"texture":"#0"}},"rotation":{"origin":[8.0,9.705696,1.6000004],"angle":22.5,"axis":"x"}}],"display":{"gui":{"rotation":[30,225,0]}}}