{"textures":{"0":"modelengine:entity/lostassets_mob2_flowersprite"},"elements":[{"from":[-3.1999998,8.359997,-9.404688],"to":[19.2,8.399998,12.995312],"faces":{"up":{"uv":[1.75,1.75,0.0,0.0],"tintindex":-2,"rotation":0,"texture":"#0"},"down":{"uv":[1.75,1.75,0.0,3.5],"tintindex":-2,"rotation":0,"texture":"#0"}},"rotation":{"origin":[8.0,8.0,14.400001],"angle":45.0,"axis":"y"}},{"from":[-3.1999998,6.5368958,-5.8949757],"to":[19.2,6.576893,16.505024],"faces":{"up":{"uv":[1.75,5.25,0.0,3.5],"tintindex":-2,"rotation":0,"texture":"#0"},"down":{"uv":[5.25,0.0,3.5,1.75],"tintindex":-2,"rotation":0,"texture":"#0"}},"rotation":{"origin":[8.0,9.705696,14.400001],"angle":22.5,"axis":"x"}},{"from":[-3.1999998,6.3690224,-6.086336],"to":[19.2,6.449024,16.313663],"faces":{"up":{"uv":[3.5,1.75,1.75,0.0],"tintindex":-2,"rotation":0,"texture":"#0"},"down":{"uv":[3.5,1.75,1.75,3.5],"tintindex":-2,"rotation":0,"texture":"#0"}},"rotation":{"origin":[8.0,9.705696,14.400001],"angle":45.0,"axis":"x"}},{"from":[-3.1999998,8.359997,-9.404688],"to":[19.2,8.399998,12.995312],"faces":{"up":{"uv":[3.5,5.25,1.75,3.5],"tintindex":-2,"rotation":0,"texture":"#0"},"down":{"uv":[5.25,1.75,3.5,3.5],"tintindex":-2,"rotation":0,"texture":"#0"}},"rotation":{"origin":[8.0,8.0,14.400001],"angle":-45.0,"axis":"y"}}],"display":{"gui":{"rotation":[30,225,0]}}}